review_id,rating,date,content,helpful
R3T9YB0HF0GW1U,5.0,"December 6, 2025",Finely found briefs that fit right.The sizing is very small and I had to buy 2XL where I normally buy XL.But there are great fitRead more,0
R3PQ2OQ1UEDULR,5.0,"December 5, 2025",excelenteRead more,0
R1QTJLPNZP6019,5.0,"November 5, 2025","perfect trunk, no other words needed to describe how perfect these trunks areRead more",0
R3RLD0APXNJJH2,4.0,"April 4, 2023","Love the CK boxers but they are really tight if you are endowed with an average or above average package. They will shrink down a size after the first wash so I regret not ordering up a size to compensate for material shrinkage and then the lack of room in the pouch. My shaft and balls are always slipping out of these boxers so I really should have ordered one size up but you never know how things fit these days until you try it I guess. Like I said, I do like these boxers because they look hot, it‚Äôs just a lot of adjusting wearing these all day when you don‚Äôt get the right size.Read more",9
R160QVDFUFE4YB,1.0,"June 19, 2025","Why did you pick this product vs others?:I've purchased CK trunks before of a similar style (different fabric) and have been pleased with them. This 5 pack was discounted to a very good price.Quality:Poor, which is perhaps the reason they were discounted. The fabric bags out immediately after putting them on and stays that way leaving no support in the crotch and sloppy leg openings that bunch and ride up.Value for money:Expected to be good based on price, but not so much when you can't were themWearability:Poor.¬†The fabric bags out immediately after putting them on and stays that way leaving no support in the crotch and sloppy leg openings that bunch and ride up.‚ÄãValue for money:Color:Black as black should be.Breathable:AverageLook:Good for the first half hour, then sloppy like boxers.Read more",0
RT565R3P6NK7Q,5.0,"August 29, 2025",Love the boxer/briefs.  They fit well and seem good qualityRead more,0
R1N2YGXCUX66D4,3.0,"September 1, 2025","Great fit for about 2 hours and then the legs stretch out and you‚Äôre wearing boxers. Nice thick fabric, but they need more spandex.Read more",0
RIFLHOUOWDSLC,2.0,"December 7, 2025","These fit my waist but they are too ‚Äúlow rise‚Äù. It feels like the root of my Johnson is showing, and god help us if I get excited while wearing these.I bought these to look sexy for my wife, but when Major Johnson stands at attention it is very uncomfortable and his battle helmet sticks out the top.Read more",0
R3182CLLI9UY2R,5.0,"August 19, 2025","Very good, fits properly.Read more",0
RQKBK6UY43I6C,5.0,"October 17, 2025",De calidadRead more,0
R1EUC4ICZZ4HJJ,5.0,"July 30, 2025",Bonne qualit√© et je suis tr√®s bien dedans je recommande üëçRead more,0
R541STCJ9XUD1,5.0,"April 2, 2024","Bien empaquetado, lleg√≥ una semana antes de la fecha que se me hab√≠a indicado. Totalmente original, talla correcta. La tela suave, lo recomiendo totalmente.Read more",0
R19FISCBRU99,5.0,"November 5, 2024","Siempre e comprado talla M,pero esta vez vienen muy grandes,pareciera q son talla G,no me gustaron para nadaRead more",0
