Name,Price,Link,Image
"Amazon Basics Aluminum Portable Foldable Laptop Support Stand for Laptops up to 13"", Black",$14.99,/sspa/click?ie=UTF8&spc=MTo0OTg1NTkzNzcxNjY2MjU2OjE3NjU4MjUzMjM6c3BfYXRmOjIwMDAxMzI1NjQ0MDIyMTo6MDo6&url=%2FAmazonBasics-Aluminum-Foldable-Laptop-Laptops%2Fdp%2FB07GFF82DP%2Fref%3Dsr_1_1_ffob_sspa%3Fdib%3DeyJ2IjoiMSJ9.CSSOLJwp1cFScvh4bUgzMdbzwGUcWwzvo8r48EMMlfA9zRsl6nxHveE2OOWrj7QklD8PSoWUeX-L35s8gt09pBAyXXvkX-J5rIHW7e9paSqQSPH8Kk2CIezPoFuTQwx8QRDDX6nWsnQ6rLNtMIKHVlEu64p5Ti__GHeLCgv0ERrxbtob8_c14J6HM455KnJEDiICb2SMwjTpRwCayC3oFrBIn7SUHM7utI2BPCN-cIw.yktdNPsLtEwnsXtxzH4ShSA6JbW2HYeQdI1Ur7M4-SE%26dib_tag%3Dse%26keywords%3Dlaptop%2Bstands%26qid%3D1765825323%26sr%3D8-1-spons%26sp_csd%3Dd2lkZ2V0TmFtZT1zcF9hdGY%26psc%3D1,https://m.media-amazon.com/images/I/61Tjgn0T1kL._AC_UY218_.jpg
Urmust Adjustable Laptop Stand for Desk Aluminum Computer Stand for Laptop Riser Holder Notebook Stand Compatible with MacBook Air Pro Ultrabook All Laptops 11-17 inch (Rose Gold),$44.64,/sspa/click?ie=UTF8&spc=MTo0OTg1NTkzNzcxNjY2MjU2OjE3NjU4MjUzMjM6c3BfYXRmOjMwMTA1MTc4MTYyNzgwMjo6MDo6&url=%2FUrmust-Adjustable-Aluminum-Compatible-Ultrabook%2Fdp%2FB08NP4R7G4%2Fref%3Dsr_1_2_sspa%3Fdib%3DeyJ2IjoiMSJ9.CSSOLJwp1cFScvh4bUgzMdbzwGUcWwzvo8r48EMMlfA9zRsl6nxHveE2OOWrj7QklD8PSoWUeX-L35s8gt09pBAyXXvkX-J5rIHW7e9paSqQSPH8Kk2CIezPoFuTQwx8QRDDX6nWsnQ6rLNtMIKHVlEu64p5Ti__GHeLCgv0ERrxbtob8_c14J6HM455KnJEDiICb2SMwjTpRwCayC3oFrBIn7SUHM7utI2BPCN-cIw.yktdNPsLtEwnsXtxzH4ShSA6JbW2HYeQdI1Ur7M4-SE%26dib_tag%3Dse%26keywords%3Dlaptop%2Bstands%26qid%3D1765825323%26sr%3D8-2-spons%26sp_csd%3Dd2lkZ2V0TmFtZT1zcF9hdGY%26psc%3D1,https://m.media-amazon.com/images/I/71+tjB9HZGL._AC_UY218_.jpg
"Adjustable Laptop Stand for Desk, Metal Foldable Laptop Riser Holder, Portable Desktop Book Stands, Ventilated Cooling Computer Notebook Stand Compatible with 10-15.6” Laptops",$14.99,/Gogoonike-Adjustable-Foldable-Ventilated-Compatible/dp/B0C7BKZ883/ref=sr_1_3?dib=eyJ2IjoiMSJ9.CSSOLJwp1cFScvh4bUgzMdbzwGUcWwzvo8r48EMMlfA9zRsl6nxHveE2OOWrj7QklD8PSoWUeX-L35s8gt09pBAyXXvkX-J5rIHW7e9paSqQSPH8Kk2CIezPoFuTQwx8QRDDX6nWsnQ6rLNtMIKHVlEu64p5Ti__GHeLCgv0ERrxbtob8_c14J6HM455KnJEDiICb2SMwjTpRwCayC3oFrBIn7SUHM7utI2BPCN-cIw.yktdNPsLtEwnsXtxzH4ShSA6JbW2HYeQdI1Ur7M4-SE&dib_tag=se&keywords=laptop+stands&qid=1765825323&sr=8-3,https://m.media-amazon.com/images/I/71Api8I7QML._AC_UY218_.jpg
"BESIGN LS03 Aluminum Laptop Stand, Ergonomic Detachable Computer Stand, Notebook Riser Compatible with Air, Pro, Dell, HP, Lenovo More 10-15.6"" Laptops, Silver",$14.24,/BESIGN-Aluminum-Ergonomic-Detachable-Compatible/dp/B08BRCT4JH/ref=sr_1_4?dib=eyJ2IjoiMSJ9.CSSOLJwp1cFScvh4bUgzMdbzwGUcWwzvo8r48EMMlfA9zRsl6nxHveE2OOWrj7QklD8PSoWUeX-L35s8gt09pBAyXXvkX-J5rIHW7e9paSqQSPH8Kk2CIezPoFuTQwx8QRDDX6nWsnQ6rLNtMIKHVlEu64p5Ti__GHeLCgv0ERrxbtob8_c14J6HM455KnJEDiICb2SMwjTpRwCayC3oFrBIn7SUHM7utI2BPCN-cIw.yktdNPsLtEwnsXtxzH4ShSA6JbW2HYeQdI1Ur7M4-SE&dib_tag=se&keywords=laptop+stands&qid=1765825323&sr=8-4,https://m.media-amazon.com/images/I/71G8rdQin3L._AC_UY218_.jpg
"Lamicall Adjustable Laptop Stand, Portable Laptop Riser, Aluminum Laptop Stand for Desk Foldable, Ergonomic Computer Notebook Stand Holder for MacBook Air Pro, Dell XPS, HP (10-17.3'') - Silver",$32.99,#,https://m.media-amazon.com/images/I/71pNZrEkYWL._AC_UL320_.jpg
"Lamicall Adjustable Laptop Stand, Portable Laptop Riser, Aluminum Laptop Stand for Desk Foldable, Ergonomic Computer Notebook Stand Holder for MacBook Air Pro, Dell XPS, HP (10-17.3'') - Silver",$32.99,/sspa/click?ie=UTF8&spc=MTozMTUxNTU0MTAxNzg4NzE2OjE3NjU4MjUzMjM6c3Bfc2VhcmNoX3RoZW1hdGljOjIwMDA0OTE4MTc0ODUxMTo6MDo6&url=%2FLamicall-Laptop-Stand-Riser-Portable%2Fdp%2FB08M94BTYC%2Fref%3Dsxin_17_pa_sp_search_thematic_sspa%3Fcontent-id%3Damzn1.sym.af942ed3-f321-45f9-a78a-adf17516fa37%253Aamzn1.sym.af942ed3-f321-45f9-a78a-adf17516fa37%26cv_ct_cx%3Dlaptop%2Bstands%26keywords%3Dlaptop%2Bstands%26pd_rd_i%3DB08M94BTYC%26pd_rd_r%3D6e7a1121-77fd-4d28-a189-f984be35988e%26pd_rd_w%3DXpsFj%26pd_rd_wg%3DRzUxh%26pf_rd_p%3Daf942ed3-f321-45f9-a78a-adf17516fa37%26pf_rd_r%3D8VF6DYSR245YE5N1WMA2%26qid%3D1765825323%26sbo%3D9ZOMT9Jm0JH%252Ft%252BWi68iDSA%253D%253D%26sr%3D1-1-7efdef4d-9875-47e1-927f-8c2c1c47ed49-spons%26aref%3D7IK2kjfzkP%26sp_csd%3Dd2lkZ2V0TmFtZT1zcF9zZWFyY2hfdGhlbWF0aWM%26psc%3D1&aref=7IK2kjfzkP,https://m.media-amazon.com/images/I/71pNZrEkYWL._AC_UL320_.jpg
"Laptop Stand for Desk, Adjustable Computer Stand with 360° Rotating Base, Ergonomic Laptop Riser for Collaborative Work, Foldable & Portable Laptop Stand, fits for All 10-16"" Laptops",$35.98,/sspa/click?ie=UTF8&spc=MTozMTUxNTU0MTAxNzg4NzE2OjE3NjU4MjUzMjM6c3Bfc2VhcmNoX3RoZW1hdGljOjMwMDEwODMyODA0NjkwMjo6MTo6&url=%2FAdjustable-Computer-Rotating-Ergonomic-Collaborative%2Fdp%2FB09PYPPD9L%2Fref%3Dsxin_17_pa_sp_search_thematic_sspa%3Fcontent-id%3Damzn1.sym.af942ed3-f321-45f9-a78a-adf17516fa37%253Aamzn1.sym.af942ed3-f321-45f9-a78a-adf17516fa37%26cv_ct_cx%3Dlaptop%2Bstands%26keywords%3Dlaptop%2Bstands%26pd_rd_i%3DB09PYPPD9L%26pd_rd_r%3D6e7a1121-77fd-4d28-a189-f984be35988e%26pd_rd_w%3DXpsFj%26pd_rd_wg%3DRzUxh%26pf_rd_p%3Daf942ed3-f321-45f9-a78a-adf17516fa37%26pf_rd_r%3D8VF6DYSR245YE5N1WMA2%26qid%3D1765825323%26sbo%3DRZvfv%252F%252FHxDF%252BO5021pAnSA%253D%253D%26sr%3D1-2-7efdef4d-9875-47e1-927f-8c2c1c47ed49-spons%26aref%3DZJTtcSjZsq%26sp_csd%3Dd2lkZ2V0TmFtZT1zcF9zZWFyY2hfdGhlbWF0aWM%26psc%3D1&aref=ZJTtcSjZsq,https://m.media-amazon.com/images/I/71mNTsmd4NL._AC_UL320_.jpg
"Adjustable Laptop Stand, Computer Stand with 360 Rotating Base, Ergonomic Laptop Riser Mount for Desk Foldable Protable Computer Desk Fits with MacBook Pro Air (10-16"") - Black",$27.98,/sspa/click?ie=UTF8&spc=MTozMTUxNTU0MTAxNzg4NzE2OjE3NjU4MjUzMjM6c3Bfc2VhcmNoX3RoZW1hdGljOjMwMDQyNjkzNzI4NDIwMjo6Mjo6&url=%2FLOXP-Adjustable-Computer-Rotating-Ergonomic%2Fdp%2FB0DBLBJ2HG%2Fref%3Dsxin_17_pa_sp_search_thematic_sspa%3Fcontent-id%3Damzn1.sym.af942ed3-f321-45f9-a78a-adf17516fa37%253Aamzn1.sym.af942ed3-f321-45f9-a78a-adf17516fa37%26cv_ct_cx%3Dlaptop%2Bstands%26keywords%3Dlaptop%2Bstands%26pd_rd_i%3DB0DBLBJ2HG%26pd_rd_r%3D6e7a1121-77fd-4d28-a189-f984be35988e%26pd_rd_w%3DXpsFj%26pd_rd_wg%3DRzUxh%26pf_rd_p%3Daf942ed3-f321-45f9-a78a-adf17516fa37%26pf_rd_r%3D8VF6DYSR245YE5N1WMA2%26qid%3D1765825323%26sbo%3DRZvfv%252F%252FHxDF%252BO5021pAnSA%253D%253D%26sr%3D1-3-7efdef4d-9875-47e1-927f-8c2c1c47ed49-spons%26aref%3D7EQ9PYISX4%26sp_csd%3Dd2lkZ2V0TmFtZT1zcF9zZWFyY2hfdGhlbWF0aWM%26psc%3D1&aref=7EQ9PYISX4,https://m.media-amazon.com/images/I/71DQp57-ltL._AC_UL320_.jpg
"Laptop Stand for Desk, 360° Rotating & Height Adjustable Ergonomic Computer Riser with Aluminum Cooling Vents for 10-16 inch MacBook, Dell, Lenovo (Foldable, Portable for Office & Home) - Gray",$35.99,/sspa/click?ie=UTF8&spc=MTozMTUxNTU0MTAxNzg4NzE2OjE3NjU4MjUzMjM6c3Bfc2VhcmNoX3RoZW1hdGljOjMwMDY2MjkwMjA3OTEwMjo6Mzo6&url=%2FYICOSUN-Adjustable-Ergonomic-360%25C2%25B0Rotating-Comfortable%2Fdp%2FB0CTDZJ7WX%2Fref%3Dsxin_17_pa_sp_search_thematic_sspa%3Fcontent-id%3Damzn1.sym.af942ed3-f321-45f9-a78a-adf17516fa37%253Aamzn1.sym.af942ed3-f321-45f9-a78a-adf17516fa37%26cv_ct_cx%3Dlaptop%2Bstands%26keywords%3Dlaptop%2Bstands%26pd_rd_i%3DB0CTDZJ7WX%26pd_rd_r%3D6e7a1121-77fd-4d28-a189-f984be35988e%26pd_rd_w%3DXpsFj%26pd_rd_wg%3DRzUxh%26pf_rd_p%3Daf942ed3-f321-45f9-a78a-adf17516fa37%26pf_rd_r%3D8VF6DYSR245YE5N1WMA2%26qid%3D1765825323%26sbo%3DRZvfv%252F%252FHxDF%252BO5021pAnSA%253D%253D%26sr%3D1-4-7efdef4d-9875-47e1-927f-8c2c1c47ed49-spons%26aref%3D94ChDNNzUB%26sp_csd%3Dd2lkZ2V0TmFtZT1zcF9zZWFyY2hfdGhlbWF0aWM%26psc%3D1&aref=94ChDNNzUB,https://m.media-amazon.com/images/I/61-uZpU7xJL._AC_UL320_.jpg
"Swivel Laptop Stand for Desk, Adjustable Height Aluminum Computer Stand with 360 Rotating Base, Foldable Ergonomic Riser, Portable Laptop Holder Compatible with MacBook, All Laptops 10-17'', Grey",$29.91,/sspa/click?ie=UTF8&spc=MTozMTUxNTU0MTAxNzg4NzE2OjE3NjU4MjUzMjM6c3Bfc2VhcmNoX3RoZW1hdGljOjMwMDI1NjU5OTM5MjQwMjo6NDo6&url=%2FAdjustable-Aluminum-Ergonomic-Compatible-Grey%2Fdp%2FB0BPM4T9RG%2Fref%3Dsxin_17_pa_sp_search_thematic_sspa%3Fcontent-id%3Damzn1.sym.af942ed3-f321-45f9-a78a-adf17516fa37%253Aamzn1.sym.af942ed3-f321-45f9-a78a-adf17516fa37%26cv_ct_cx%3Dlaptop%2Bstands%26keywords%3Dlaptop%2Bstands%26pd_rd_i%3DB0BPM4T9RG%26pd_rd_r%3D6e7a1121-77fd-4d28-a189-f984be35988e%26pd_rd_w%3DXpsFj%26pd_rd_wg%3DRzUxh%26pf_rd_p%3Daf942ed3-f321-45f9-a78a-adf17516fa37%26pf_rd_r%3D8VF6DYSR245YE5N1WMA2%26qid%3D1765825323%26sbo%3DRZvfv%252F%252FHxDF%252BO5021pAnSA%253D%253D%26sr%3D1-5-7efdef4d-9875-47e1-927f-8c2c1c47ed49-spons%26aref%3DeIQMFa9p21%26sp_csd%3Dd2lkZ2V0TmFtZT1zcF9zZWFyY2hfdGhlbWF0aWM%26psc%3D1&aref=eIQMFa9p21,https://m.media-amazon.com/images/I/61S+ep8w5UL._AC_UL320_.jpg
"MCHOSE Laptop Stand with 360° Rotating Base, Foldable Adjustable Computer Holder, Ergonomic Design Compatible with MacBook Air Pro, Dell XPS, HP, Lenovo More 10-17"" (A-Silver)",$35.67,https://aax-us-east-retail-direct.amazon.com/x/c/JIO17UwRLFlsgLC787DXPvQAAAGbI2QhtwEAAAH2AQBvbm9fdHhuX2JpZDcgICBvbm9fdHhuX2ltcDEgICD2ue0F/clv1_CEuOPUxokZA0iHrVQskB83vgXGlmA4UV5ZgoqAzU789w4X8Evg-rJ_018nHz9hvWjq0yzpNb3XTPsunPt2EceUc8Bz2tPOfoLH4cT1pVVUm6Oo057BYOLZEdHEepp4amXJOUI0W78tANGk5hgFv_ak5TLFFOGshzBElqUqEnHhGU36Ta0Ek8SAz5MJbld7QzBH9acdHMzpkFUDVhJ9oQXuEFlsWsnsI6KjDhFKorgxcWp4FvlLz2S1sKgEji6npOAE_zFP7W4zho-hUrANRvXRGwenKzslPpBOrh0YngXK8VGlGB27yFyCnOZALHHJaq9-sczsxsTvDakJrrHPWFBetN_ttGeAkM9Koz0Yx5SpdazkhJHxH51z-R5rIBU0KHcCRtq0SmgkUghSrRJIqaf3VUALDUu8pDZfIZM3hCrgUANL9bkxVaLztUwaVWXQoMHaeUao3xp-WQHS8cbA2SvJ4yBG-io1a6UxNtQYpRv-6TMit65IyG_WTyaXgbMNKPkN1KwzpnRZUegR2wuFTAxzjxdS5BQE8kKTSGVWbqP7_EUx6VCwkn8VE8V2TxW33iEcUlgPRYbwXA3KpZl5oMJgvYOzBhuSZf0u8VkoKGnnxQgpyrna4MbFT47TeoTvCKIkEibO4XMT9hzvd0C6EWigkc_4OuDU1ZaHYCnelcjrxMAxcQUxygs1MS-BWEbuZ-_Sgj5mRXnvoFwewFDlnrI1A17pLYBOfE4pTQARc1CSTvrQHVa-8q5RZls-ktVdm2rLxtEmnYsUPe8wTRHmC5EAJH-ibgKHRkhOB5StAoci7Jx0kYY9BMgwVPv6TuTUyXceujTQh40CvMo9xzXOlTnbuAjGIYhP6WFcGIlN6KjEuP03jzs08Bzwn0kG7LvzPbiuMvttoYqRvuAcEEXPodMKqExPrg-g5vCTYbAjjygiHj3Wh-C1cuQklvSzLk2DyBtii_ReT-v7yHjL_r0hK_UYdINtWUWebu61-Pcj1WauIIZgdYdmFIbJTJzDyYF2AXDAmfx8gJ_TwYZ7gY95m-6TZJlylEMvG_jXJo6pR2qgZbRkmfUqKwBxrKdYolHchLRW2hXLPvDRUFL6aIdr-YlercXyjamIVIW-4PMF0-IIW2ImeqOMBunV9hBpX2h_Li5pMTavrlhRcFNvB6ingealcfWMDBW3rXP9APvKDGvYCw7QGQ5kzy3ps71CRUIpIQEFfvH23j20WAajsnjU3WMdu_7vNunal41BCz7qNqLmDcDEo7VRDUyFifnxsVH6PIU5F_otCcf3KccLlTdbkVmFZww6tAi4Sy0iy3nRCOBOLCW-RbYuCE4f0wpRmpzdg1N4k_RhD6yUmRleMMUUQsw6X78u1_1mVobd5UGeBNubMuymupOHS8ndenBFyXRLNtFhvSZ0z5RhXVe0QsfamEUoe3qiHyZk5Jxq0B_cH1qUdDfARY9_0JHtIQMzjSGVqpzn8fDW3b4ImtvxL9K3XdcQfq3w2bfd8Tz4wj5dc962d7kGr9Km74AmpYhIkkuo2wi1DrTXN0aPNDFInXLfQtD2zqgv_2ClCIC16GEP4-oc3O5dao5JrXUrx-CPIEiuRjQvrkB1nOxaTNbffjeG0eVRJt9tXj9ZMY9byR13nXxP2TXVfZbzXxm09NunpiWIa2KAnfEWTNwI8pB2GHtwBW_o0wRCbBL08sZLpqlfIZDfiSeMEAhLXoTSc0mc3jieON_dZkQI28rRBylnGQs60SJSa3ySwF7X-vk9oSA2up4GKCtdHr7cAXX71313fsPd0vmrYVwTa4o4RUD61FRahZ7XkKAvjw8QrYI9OmLSforaukOIuMtoZu1NMdfczykdhKkR0kfPFseJkKganoEVvVOoya8Yl5XJGrH-ENUCAygRd-sI_ZJJW3sUQCe4uH6vc9z_PxSxN_m_P37y9sZgjaLvTnxg9Q4-o2Z72UkYwj8Fc2G0xhzbW9e6QfyjylMgN5oZz6RVQ3U_Ow5Y2LZYyPKXLxg_twdUy7dZk4BC6IQtDdFQ8gT_KJZqPxryTCgVwCIPpRXRFkW4QXhWpsjdrpusvbiuBuWsWrQtQZQaZTdZ89qIRsKV4Wa90KgUQbO4ilx1sXZmtOCvmjPkyHTGamAFgqWqWk3tXhfa94xmYYPcGcDsNVDDvSVK1v0JATtTTCjPTAAUtR6t7B3IJsCXIiG5xssGOVnP-7d_xBZ0g-Q8xSLoKqUJiQXbcYeipfHHZ34KGhVub_pY3Jua5Ve9Auz_2M9MZKggo8o_D9MhVK0_4KIsdNZyz41N7lc7_impV8VznYD5KKjEX4iQ1gEPE6dZXWP4nG0wlESPGxA51TK0mPyPZJcwNlRkA5sZIXbf9EuzD90t0y3n32g3jsP5H6I_Mnh75PgGjDHvpiEqcwQn0QSk9ddrgPTZxzcbwGBWxgiILDq8ffv4x5z0gKJ1I_ckIkpPzTvOJ2WxULPmqYhGJ-LcKLVWDsSI2_JRSdJIzegRCgcas1/https://www.amazon.com/dp/B0BHYFZW46?pd_rd_i=B0BHYFZW46&pf_rd_p=c8b39f81-ded8-4d75-80c2-6dfa03cbb699&pf_rd_r=8VF6DYSR245YE5N1WMA2&pd_rd_wg=RzUxh&pd_rd_w=7V8dH&pd_rd_r=6e7a1121-77fd-4d28-a189-f984be35988e,https://aax-us-east-retail-direct.amazon.com/e/is/D8A8F2B64B75DAA625F6833085AA5FF3/impb?b=JIO17UwRLFlsgLC787DXPvQAAAGbI2QhtwEAAAH2AQBvbm9fdHhuX2JpZDcgICBvbm9fdHhuX2ltcDEgICD2ue0F&w=0&bi=1gxnkTu3U6350.s89OeXanbwxE3u0zuSCN8jYQoRemgePfbX0gjjLnAhVgdhs4D6YytzurVnaPyQqC3ctEXuJe4554Uxjw2xZRD8yvKjHTvUWaxahUBDFVXX.8NYz2urZ464FpveGFlzCwT0gW.0MqUj7Cze0C7uPhKmrVY-0TZ6xfDhBS6QaDfehQofJK2OV.CkMVzcF4BkFkoGec4.l6jux451XQh3ikpuCBfUEGoNmSTQloFeg.ceTIknZMPuC81qLjmX9aaoeshCECiL5ToP.TYGHgM14z19y.YYoaY8mt0vqAPg9csE0pn2mjce9E-C500hSjEOhihJKKQGbijEwDgVtXOkr4w.RBcSTV.qndx62cs04tsk8aboQ3y7oly3TeuKEgNY4LjswSqUBw7s4hDZlJgShbQPEsyNEILi57XwijDxN89.TtogtjkLVl85POwnDQF8L4yaZpHchZOaxDNku9Gmclnkkrl6mpo_
"kwmobile Laptop Stand - Adjustable Laptop Riser, Holder - Aluminium Portable DJ, Gaming Stand - Foldable Lap Top, Notebook Desk Stands - Folding Computer Accessories",$32.99,/kwmobile-Laptop-Stand-Adjustable-Accessories/dp/B0FPCMLNGB/ref=sr_1_5?dib=eyJ2IjoiMSJ9.CSSOLJwp1cFScvh4bUgzMdbzwGUcWwzvo8r48EMMlfA9zRsl6nxHveE2OOWrj7QklD8PSoWUeX-L35s8gt09pBAyXXvkX-J5rIHW7e9paSqQSPH8Kk2CIezPoFuTQwx8QRDDX6nWsnQ6rLNtMIKHVlEu64p5Ti__GHeLCgv0ERrxbtob8_c14J6HM455KnJEDiICb2SMwjTpRwCayC3oFrBIn7SUHM7utI2BPCN-cIw.yktdNPsLtEwnsXtxzH4ShSA6JbW2HYeQdI1Ur7M4-SE&dib_tag=se&keywords=laptop+stands&qid=1765825323&sr=8-5,https://m.media-amazon.com/images/I/71iI+vCUKQL._AC_UY218_.jpg
"Amazon Basics Sturdy and Portable Ergonomic Laptop Stand for Desk, Adjustable Riser, Fits all Laptops and Notebooks up to 17.3 Inch, Silver, 10 x 8.7 x 6 in",$29.00,/Amazon-Basics-Portable-Adjustable-Notebook/dp/B0BLRJ4R8F/ref=sr_1_6?dib=eyJ2IjoiMSJ9.CSSOLJwp1cFScvh4bUgzMdbzwGUcWwzvo8r48EMMlfA9zRsl6nxHveE2OOWrj7QklD8PSoWUeX-L35s8gt09pBAyXXvkX-J5rIHW7e9paSqQSPH8Kk2CIezPoFuTQwx8QRDDX6nWsnQ6rLNtMIKHVlEu64p5Ti__GHeLCgv0ERrxbtob8_c14J6HM455KnJEDiICb2SMwjTpRwCayC3oFrBIn7SUHM7utI2BPCN-cIw.yktdNPsLtEwnsXtxzH4ShSA6JbW2HYeQdI1Ur7M4-SE&dib_tag=se&keywords=laptop+stands&qid=1765825323&sr=8-6,https://m.media-amazon.com/images/I/51KyaTB1EKL._AC_UY218_.jpg
"Laptop Bed Tray Desk with LED Desk Light, SAIJI Adjustable Laptop Stand for Bed, XX-Large PVC Leather Foldable Table with Book Stand,Wrist Rest, Extra Leg Room(Black)",$134.99,/sspa/click?ie=UTF8&spc=MTo0OTg1NTkzNzcxNjY2MjU2OjE3NjU4MjUzMjM6c3BfbXRmOjMwMDc0NTY1NTAyNjIwMjo6MDo6&url=%2FSAIJI-Adjustable-XX-Large-Leather-Foldable%2Fdp%2FB0BDDKQJKV%2Fref%3Dsr_1_7_sspa%3Fdib%3DeyJ2IjoiMSJ9.CSSOLJwp1cFScvh4bUgzMdbzwGUcWwzvo8r48EMMlfA9zRsl6nxHveE2OOWrj7QklD8PSoWUeX-L35s8gt09pBAyXXvkX-J5rIHW7e9paSqQSPH8Kk2CIezPoFuTQwx8QRDDX6nWsnQ6rLNtMIKHVlEu64p5Ti__GHeLCgv0ERrxbtob8_c14J6HM455KnJEDiICb2SMwjTpRwCayC3oFrBIn7SUHM7utI2BPCN-cIw.yktdNPsLtEwnsXtxzH4ShSA6JbW2HYeQdI1Ur7M4-SE%26dib_tag%3Dse%26keywords%3Dlaptop%2Bstands%26qid%3D1765825323%26sr%3D8-7-spons%26sp_csd%3Dd2lkZ2V0TmFtZT1zcF9tdGY%26psc%3D1,https://m.media-amazon.com/images/I/71WD4IXqdQL._AC_UY218_.jpg
"BESIGN LS03 Aluminum Laptop Stand, Ergonomic Detachable Computer Stand, Riser Holder Notebook Stand Compatible with Air, Pro, Dell, HP, Lenovo More 10-15.6"" Laptops, Black",$14.99,/LS03-Aluminum-Ergonomic-Detachable-Compatible/dp/B07X7RV38T/ref=sr_1_8?dib=eyJ2IjoiMSJ9.CSSOLJwp1cFScvh4bUgzMdbzwGUcWwzvo8r48EMMlfA9zRsl6nxHveE2OOWrj7QklD8PSoWUeX-L35s8gt09pBAyXXvkX-J5rIHW7e9paSqQSPH8Kk2CIezPoFuTQwx8QRDDX6nWsnQ6rLNtMIKHVlEu64p5Ti__GHeLCgv0ERrxbtob8_c14J6HM455KnJEDiICb2SMwjTpRwCayC3oFrBIn7SUHM7utI2BPCN-cIw.yktdNPsLtEwnsXtxzH4ShSA6JbW2HYeQdI1Ur7M4-SE&dib_tag=se&keywords=laptop+stands&qid=1765825323&sr=8-8,https://m.media-amazon.com/images/I/71GMtNr13QL._AC_UY218_.jpg
"Lamicall Adjustable Laptop Stand, Portable Laptop Riser, Aluminum Laptop Stand for Desk Foldable, Ergonomic Computer Notebook Stand Holder for MacBook Air Pro, Dell XPS, HP (10-17.3'') - Silver",$32.99,/Lamicall-Laptop-Stand-Riser-Portable/dp/B08M94BTYC/ref=sr_1_9?dib=eyJ2IjoiMSJ9.CSSOLJwp1cFScvh4bUgzMdbzwGUcWwzvo8r48EMMlfA9zRsl6nxHveE2OOWrj7QklD8PSoWUeX-L35s8gt09pBAyXXvkX-J5rIHW7e9paSqQSPH8Kk2CIezPoFuTQwx8QRDDX6nWsnQ6rLNtMIKHVlEu64p5Ti__GHeLCgv0ERrxbtob8_c14J6HM455KnJEDiICb2SMwjTpRwCayC3oFrBIn7SUHM7utI2BPCN-cIw.yktdNPsLtEwnsXtxzH4ShSA6JbW2HYeQdI1Ur7M4-SE&dib_tag=se&keywords=laptop+stands&qid=1765825323&sr=8-9,https://m.media-amazon.com/images/I/71pNZrEkYWL._AC_UY218_.jpg
"Laptop Stand for Desk, Adjustable Laptop Riser ABS+Silicone Foldable Portable Notebook Holder, Ventilated Cooling Notebook Mount Computer Stand for 10-15.6” Laptops,Tablets-Black",$8.99,/Adjustable-Silicone-Foldable-Ventilated-Tablet-Black/dp/B08G84P8ZX/ref=sr_1_10?dib=eyJ2IjoiMSJ9.CSSOLJwp1cFScvh4bUgzMdbzwGUcWwzvo8r48EMMlfA9zRsl6nxHveE2OOWrj7QklD8PSoWUeX-L35s8gt09pBAyXXvkX-J5rIHW7e9paSqQSPH8Kk2CIezPoFuTQwx8QRDDX6nWsnQ6rLNtMIKHVlEu64p5Ti__GHeLCgv0ERrxbtob8_c14J6HM455KnJEDiICb2SMwjTpRwCayC3oFrBIn7SUHM7utI2BPCN-cIw.yktdNPsLtEwnsXtxzH4ShSA6JbW2HYeQdI1Ur7M4-SE&dib_tag=se&keywords=laptop+stands&qid=1765825323&sr=8-10,https://m.media-amazon.com/images/I/61O3uGg2MJL._AC_UY218_.jpg
"Laptop Stand for Desk Detachable Aluminum Computer Riser Portable Metal Notebook Printer Stand Holder Compatible with MacBook Air, Pro, Dell, HP, Lenovo and All 10-16"" Laptops, Silver",$9.99,/GleYo-Detachable-Aluminum-Computer-Compatible/dp/B0DRT21673/ref=sr_1_11?dib=eyJ2IjoiMSJ9.CSSOLJwp1cFScvh4bUgzMdbzwGUcWwzvo8r48EMMlfA9zRsl6nxHveE2OOWrj7QklD8PSoWUeX-L35s8gt09pBAyXXvkX-J5rIHW7e9paSqQSPH8Kk2CIezPoFuTQwx8QRDDX6nWsnQ6rLNtMIKHVlEu64p5Ti__GHeLCgv0ERrxbtob8_c14J6HM455KnJEDiICb2SMwjTpRwCayC3oFrBIn7SUHM7utI2BPCN-cIw.yktdNPsLtEwnsXtxzH4ShSA6JbW2HYeQdI1Ur7M4-SE&dib_tag=se&keywords=laptop+stands&qid=1765825323&sr=8-11,https://m.media-amazon.com/images/I/61sr6sLckkL._AC_UY218_.jpg
"Amazon Basics Sturdy and Portable Ergonomic Laptop Stand for Desk, Adjustable Riser, Fits all Laptops and Notebooks up to 17.3 Inch, Silver, 10 x 8.7 x 6 in",$29.00,/sspa/click?ie=UTF8&spc=MTo0OTg1NTkzNzcxNjY2MjU2OjE3NjU4MjUzMjM6c3BfbXRmOjMwMDAwMzcyNTA0MjIwMjo6MDo6&url=%2FAmazon-Basics-Portable-Adjustable-Notebook%2Fdp%2FB0BLRJ4R8F%2Fref%3Dsr_1_12_ffob_sspa%3Fdib%3DeyJ2IjoiMSJ9.CSSOLJwp1cFScvh4bUgzMdbzwGUcWwzvo8r48EMMlfA9zRsl6nxHveE2OOWrj7QklD8PSoWUeX-L35s8gt09pBAyXXvkX-J5rIHW7e9paSqQSPH8Kk2CIezPoFuTQwx8QRDDX6nWsnQ6rLNtMIKHVlEu64p5Ti__GHeLCgv0ERrxbtob8_c14J6HM455KnJEDiICb2SMwjTpRwCayC3oFrBIn7SUHM7utI2BPCN-cIw.yktdNPsLtEwnsXtxzH4ShSA6JbW2HYeQdI1Ur7M4-SE%26dib_tag%3Dse%26keywords%3Dlaptop%2Bstands%26qid%3D1765825323%26sr%3D8-12-spons%26sp_csd%3Dd2lkZ2V0TmFtZT1zcF9tdGY%26psc%3D1,https://m.media-amazon.com/images/I/51KyaTB1EKL._AC_UY218_.jpg
"Laptop Stand for Desk, Adjustable Laptop Riser, Metal Foldable Computer Stand Holder Portable Notebook Mount, Ventilated Cooling Printer Stand Compatible with 10-15.6” Laptops",$14.23,/Gogoonike-Laptop-Stand-Adjustable-Portable/dp/B0B29BZGF2/ref=sr_1_13?dib=eyJ2IjoiMSJ9.CSSOLJwp1cFScvh4bUgzMdbzwGUcWwzvo8r48EMMlfA9zRsl6nxHveE2OOWrj7QklD8PSoWUeX-L35s8gt09pBAyXXvkX-J5rIHW7e9paSqQSPH8Kk2CIezPoFuTQwx8QRDDX6nWsnQ6rLNtMIKHVlEu64p5Ti__GHeLCgv0ERrxbtob8_c14J6HM455KnJEDiICb2SMwjTpRwCayC3oFrBIn7SUHM7utI2BPCN-cIw.yktdNPsLtEwnsXtxzH4ShSA6JbW2HYeQdI1Ur7M4-SE&dib_tag=se&keywords=laptop+stands&qid=1765825323&sr=8-13,https://m.media-amazon.com/images/I/71jN1Dli1kL._AC_UY218_.jpg
"Adjustable Laptop Stand for Desk, Metal Foldable Laptop Riser, Ventilated Cooling Bracket, Ergonominc Computer Notebook Stand for Desk Compatible with 10-15.6“ Laptops",$14.95,/LOXP-Adjustable-Ventilated-Ergonominc-Compatible/dp/B0FB96TYFV/ref=sr_1_14?dib=eyJ2IjoiMSJ9.CSSOLJwp1cFScvh4bUgzMdbzwGUcWwzvo8r48EMMlfA9zRsl6nxHveE2OOWrj7QklD8PSoWUeX-L35s8gt09pBAyXXvkX-J5rIHW7e9paSqQSPH8Kk2CIezPoFuTQwx8QRDDX6nWsnQ6rLNtMIKHVlEu64p5Ti__GHeLCgv0ERrxbtob8_c14J6HM455KnJEDiICb2SMwjTpRwCayC3oFrBIn7SUHM7utI2BPCN-cIw.yktdNPsLtEwnsXtxzH4ShSA6JbW2HYeQdI1Ur7M4-SE&dib_tag=se&keywords=laptop+stands&qid=1765825323&sr=8-14,https://m.media-amazon.com/images/I/71AzylzWFFL._AC_UY218_.jpg
"Adjustable Laptop Stand, Computer Stand with 360 Rotating Base, Ergonomic Laptop Riser Mount for Desk Foldable Protable Computer Desk Fits with MacBook Pro Air (10-16"") - Black",$27.98,/LOXP-Adjustable-Computer-Rotating-Ergonomic/dp/B0DBLBJ2HG/ref=sr_1_15?dib=eyJ2IjoiMSJ9.CSSOLJwp1cFScvh4bUgzMdbzwGUcWwzvo8r48EMMlfA9zRsl6nxHveE2OOWrj7QklD8PSoWUeX-L35s8gt09pBAyXXvkX-J5rIHW7e9paSqQSPH8Kk2CIezPoFuTQwx8QRDDX6nWsnQ6rLNtMIKHVlEu64p5Ti__GHeLCgv0ERrxbtob8_c14J6HM455KnJEDiICb2SMwjTpRwCayC3oFrBIn7SUHM7utI2BPCN-cIw.yktdNPsLtEwnsXtxzH4ShSA6JbW2HYeQdI1Ur7M4-SE&dib_tag=se&keywords=laptop+stands&qid=1765825323&sr=8-15,https://m.media-amazon.com/images/I/71DQp57-ltL._AC_UY218_.jpg
"Laptop Stand for Desk, Adjustable Computer Stand with 360° Rotating Base, Ergonomic Laptop Riser for Collaborative Work, Foldable & Portable Laptop Stand, fits for All 10-16"" Laptops",$35.98,/Adjustable-Computer-Rotating-Ergonomic-Collaborative/dp/B09PYPPD9L/ref=sr_1_16?dib=eyJ2IjoiMSJ9.CSSOLJwp1cFScvh4bUgzMdbzwGUcWwzvo8r48EMMlfA9zRsl6nxHveE2OOWrj7QklD8PSoWUeX-L35s8gt09pBAyXXvkX-J5rIHW7e9paSqQSPH8Kk2CIezPoFuTQwx8QRDDX6nWsnQ6rLNtMIKHVlEu64p5Ti__GHeLCgv0ERrxbtob8_c14J6HM455KnJEDiICb2SMwjTpRwCayC3oFrBIn7SUHM7utI2BPCN-cIw.yktdNPsLtEwnsXtxzH4ShSA6JbW2HYeQdI1Ur7M4-SE&dib_tag=se&keywords=laptop+stands&qid=1765825323&sr=8-16,https://m.media-amazon.com/images/I/71mNTsmd4NL._AC_UY218_.jpg
"suptek Monitor Stand Riser for Computer,Laptop,Printer, Notebook and All Flat Screen Display with Vented Metal Platform and 4 Inches Height Underneath Storage (MST004)",$14.99,/sspa/click?ie=UTF8&spc=MTo0OTg1NTkzNzcxNjY2MjU2OjE3NjU4MjUzMjM6c3BfbXRmOjIwMDE3MTMyOTI4NDg5ODo6MDo6&url=%2FComputer-Notebook-Platform-Underneath-MST004%2Fdp%2FB07YTX6LGJ%2Fref%3Dsr_1_17_sspa%3Fdib%3DeyJ2IjoiMSJ9.CSSOLJwp1cFScvh4bUgzMdbzwGUcWwzvo8r48EMMlfA9zRsl6nxHveE2OOWrj7QklD8PSoWUeX-L35s8gt09pBAyXXvkX-J5rIHW7e9paSqQSPH8Kk2CIezPoFuTQwx8QRDDX6nWsnQ6rLNtMIKHVlEu64p5Ti__GHeLCgv0ERrxbtob8_c14J6HM455KnJEDiICb2SMwjTpRwCayC3oFrBIn7SUHM7utI2BPCN-cIw.yktdNPsLtEwnsXtxzH4ShSA6JbW2HYeQdI1Ur7M4-SE%26dib_tag%3Dse%26keywords%3Dlaptop%2Bstands%26qid%3D1765825323%26sr%3D8-17-spons%26sp_csd%3Dd2lkZ2V0TmFtZT1zcF9tdGY%26psc%3D1,https://m.media-amazon.com/images/I/611iHlWKxQL._AC_UY218_.jpg
"OMOTON 360° Rotating Laptop Stand Riser for Desk, Ergonomic Foldable Computer Stand Adjustable Height Angles for Collaborative Work, Easy Storage Fit Macbooks,All Laptops up to 16 inches, Silver",$25.18,/OMOTON-Rotating-Ergonomic-Adjustable-Collaborative/dp/B0CQR99BG2/ref=sr_1_18?dib=eyJ2IjoiMSJ9.CSSOLJwp1cFScvh4bUgzMdbzwGUcWwzvo8r48EMMlfA9zRsl6nxHveE2OOWrj7QklD8PSoWUeX-L35s8gt09pBAyXXvkX-J5rIHW7e9paSqQSPH8Kk2CIezPoFuTQwx8QRDDX6nWsnQ6rLNtMIKHVlEu64p5Ti__GHeLCgv0ERrxbtob8_c14J6HM455KnJEDiICb2SMwjTpRwCayC3oFrBIn7SUHM7utI2BPCN-cIw.yktdNPsLtEwnsXtxzH4ShSA6JbW2HYeQdI1Ur7M4-SE&dib_tag=se&keywords=laptop+stands&qid=1765825323&sr=8-18,https://m.media-amazon.com/images/I/61e9tMi6XfL._AC_UY218_.jpg
"WALI Computer Monitor Stand for Desk, Adjustable Laptop Riser, Desk Monitor Stand Underneath Storage for Office, Home, School Supplies (STT003), 1 Pack, Black",$12.99,/WALI-Monitor-Adjustable-Underneath-Supplies/dp/B094QTGHNZ/ref=sr_1_19?dib=eyJ2IjoiMSJ9.CSSOLJwp1cFScvh4bUgzMdbzwGUcWwzvo8r48EMMlfA9zRsl6nxHveE2OOWrj7QklD8PSoWUeX-L35s8gt09pBAyXXvkX-J5rIHW7e9paSqQSPH8Kk2CIezPoFuTQwx8QRDDX6nWsnQ6rLNtMIKHVlEu64p5Ti__GHeLCgv0ERrxbtob8_c14J6HM455KnJEDiICb2SMwjTpRwCayC3oFrBIn7SUHM7utI2BPCN-cIw.yktdNPsLtEwnsXtxzH4ShSA6JbW2HYeQdI1Ur7M4-SE&dib_tag=se&keywords=laptop+stands&qid=1765825323&sr=8-19,https://m.media-amazon.com/images/I/51kULJHh4BL._AC_UY218_.jpg
"tounee Telescopic Laptop Stand for Desk with 360° Swivel Base, Sit to Stand, Height Adjustable, Portable Riser Holder for Good Posture, Compatible with MacBook Pro, All Laptops 10-17""-Gray",$49.99,/Adjustable-Ergonomic-Rotating-Computer-Compatible/dp/B09Y8B81F7/ref=sr_1_20?dib=eyJ2IjoiMSJ9.CSSOLJwp1cFScvh4bUgzMdbzwGUcWwzvo8r48EMMlfA9zRsl6nxHveE2OOWrj7QklD8PSoWUeX-L35s8gt09pBAyXXvkX-J5rIHW7e9paSqQSPH8Kk2CIezPoFuTQwx8QRDDX6nWsnQ6rLNtMIKHVlEu64p5Ti__GHeLCgv0ERrxbtob8_c14J6HM455KnJEDiICb2SMwjTpRwCayC3oFrBIn7SUHM7utI2BPCN-cIw.yktdNPsLtEwnsXtxzH4ShSA6JbW2HYeQdI1Ur7M4-SE&dib_tag=se&keywords=laptop+stands&qid=1765825323&sr=8-20,https://m.media-amazon.com/images/I/61BilDos9dL._AC_UY218_.jpg
"OMOTON Laptop Stand, Detachable Laptop Mount, Aluminum Laptop Holder Stand for Desk, Compatible with MacBook Air/Pro, Dell, HP, Lenovo and All Laptops (11-16 inch), Silver",$13.86,/OMOTON-Detachable-Aluminum-Compatible-MacBook/dp/B08B13JGN4/ref=sr_1_21?dib=eyJ2IjoiMSJ9.CSSOLJwp1cFScvh4bUgzMdbzwGUcWwzvo8r48EMMlfA9zRsl6nxHveE2OOWrj7QklD8PSoWUeX-L35s8gt09pBAyXXvkX-J5rIHW7e9paSqQSPH8Kk2CIezPoFuTQwx8QRDDX6nWsnQ6rLNtMIKHVlEu64p5Ti__GHeLCgv0ERrxbtob8_c14J6HM455KnJEDiICb2SMwjTpRwCayC3oFrBIn7SUHM7utI2BPCN-cIw.yktdNPsLtEwnsXtxzH4ShSA6JbW2HYeQdI1Ur7M4-SE&dib_tag=se&keywords=laptop+stands&qid=1765825323&sr=8-21,https://m.media-amazon.com/images/I/71htlf0yYpL._AC_UY218_.jpg
"Amazon Basics Adjustable Tray Table Lap Desk Fits up to 17-Inch Laptop, Large, 13""x24"", Cream",$31.49,/sspa/click?ie=UTF8&spc=MTo0OTg1NTkzNzcxNjY2MjU2OjE3NjU4MjUzMjM6c3BfYnRmOjIwMDAxNTEyODIyNDA3MTo6MDo6&url=%2FAmazonBasics-Adjustable-Portable-Laptop-Table%2Fdp%2FB07MJKH8XW%2Fref%3Dsr_1_22_ffob_sspa%3Fdib%3DeyJ2IjoiMSJ9.CSSOLJwp1cFScvh4bUgzMdbzwGUcWwzvo8r48EMMlfA9zRsl6nxHveE2OOWrj7QklD8PSoWUeX-L35s8gt09pBAyXXvkX-J5rIHW7e9paSqQSPH8Kk2CIezPoFuTQwx8QRDDX6nWsnQ6rLNtMIKHVlEu64p5Ti__GHeLCgv0ERrxbtob8_c14J6HM455KnJEDiICb2SMwjTpRwCayC3oFrBIn7SUHM7utI2BPCN-cIw.yktdNPsLtEwnsXtxzH4ShSA6JbW2HYeQdI1Ur7M4-SE%26dib_tag%3Dse%26keywords%3Dlaptop%2Bstands%26qid%3D1765825323%26sr%3D8-22-spons%26sp_csd%3Dd2lkZ2V0TmFtZT1zcF9idGY%26psc%3D1,https://m.media-amazon.com/images/I/514ExAuoN2S._AC_UY218_.jpg
"Lamicall Adjustable Laptop Stand, Portable Laptop Riser, Aluminum Laptop Stand for Desk Foldable, Ergonomic Computer Notebook Stand Holder for MacBook Air Pro, Dell XPS, HP (10-17.3'') - Silver",$32.99,#,https://m.media-amazon.com/images/I/71pNZrEkYWL._AC_UL320_.jpg
"Lamicall Adjustable Laptop Stand, Portable Laptop Riser, Aluminum Laptop Stand for Desk Foldable, Ergonomic Computer Notebook Stand Holder for MacBook Air Pro, Dell XPS, HP (10-17.3'') - Silver",$32.99,/sspa/click?ie=UTF8&spc=MTo0NTEzODI1OTAxMTU5NzcwOjE3NjU4MjUzMjM6c3Bfc2VhcmNoX3RoZW1hdGljX2J0ZjoyMDAwNDkxODE3NDg1MTE6OjA6Og&url=%2FLamicall-Laptop-Stand-Riser-Portable%2Fdp%2FB08M94BTYC%2Fref%3Dsxbs_pa_sp_search_thematic_btf_sspa%3Fcontent-id%3Damzn1.sym.877b2561-1d03-4f04-aee4-715a0796108f%253Aamzn1.sym.877b2561-1d03-4f04-aee4-715a0796108f%26cv_ct_cx%3Dlaptop%2Bstands%26keywords%3Dlaptop%2Bstands%26pd_rd_i%3DB08M94BTYC%26pd_rd_r%3D13911afb-a73d-495d-a6e7-08b2dd63bcfb%26pd_rd_w%3DAwshk%26pd_rd_wg%3D7wOnX%26pf_rd_p%3D877b2561-1d03-4f04-aee4-715a0796108f%26pf_rd_r%3D8VF6DYSR245YE5N1WMA2%26qid%3D1765825323%26sbo%3D9ZOMT9Jm0JH%252Ft%252BWi68iDSA%253D%253D%26sr%3D1-1-d1931c17-4371-4e59-bbe3-ace4c8b0d213-spons%26aref%3D7IK2kjfzkP%26sp_csd%3Dd2lkZ2V0TmFtZT1zcF9zZWFyY2hfdGhlbWF0aWNfYnRm%26psc%3D1&aref=7IK2kjfzkP,https://m.media-amazon.com/images/I/71pNZrEkYWL._AC_UL320_.jpg
"Urmust 360° Rotating Laptop Stand for Desk Adjustable Height, Ergonomic Laptop Riser Standing Desk Converter, MacBook Stand, Computer Lap top Riser Holder, Fits All Laptops 10-17""",$47.49,/sspa/click?ie=UTF8&spc=MTo0NTEzODI1OTAxMTU5NzcwOjE3NjU4MjUzMjM6c3Bfc2VhcmNoX3RoZW1hdGljX2J0ZjozMDEwODE1MTc0ODM3MDI6OjE6Og&url=%2FUrmust-Rotating-Adjustable-Ergonomic-Converter%2Fdp%2FB0FS7BLR83%2Fref%3Dsxbs_pa_sp_search_thematic_btf_sspa%3Fcontent-id%3Damzn1.sym.877b2561-1d03-4f04-aee4-715a0796108f%253Aamzn1.sym.877b2561-1d03-4f04-aee4-715a0796108f%26cv_ct_cx%3Dlaptop%2Bstands%26keywords%3Dlaptop%2Bstands%26pd_rd_i%3DB0FS7BLR83%26pd_rd_r%3D13911afb-a73d-495d-a6e7-08b2dd63bcfb%26pd_rd_w%3DAwshk%26pd_rd_wg%3D7wOnX%26pf_rd_p%3D877b2561-1d03-4f04-aee4-715a0796108f%26pf_rd_r%3D8VF6DYSR245YE5N1WMA2%26qid%3D1765825323%26sbo%3D9ZOMT9Jm0JH%252Ft%252BWi68iDSA%253D%253D%26sr%3D1-2-d1931c17-4371-4e59-bbe3-ace4c8b0d213-spons%26aref%3DNrCyn7dvgA%26sp_csd%3Dd2lkZ2V0TmFtZT1zcF9zZWFyY2hfdGhlbWF0aWNfYnRm%26psc%3D1&aref=NrCyn7dvgA,https://m.media-amazon.com/images/I/719kT8PzghL._AC_UL320_.jpg
"Laptop Bed Tray Desk with LED Desk Light, SAIJI Adjustable Laptop Stand for Bed, XX-Large PVC Leather Foldable Table with Book Stand,Wrist Rest, Extra Leg Room(Black)",$134.99,/sspa/click?ie=UTF8&spc=MTo0NTEzODI1OTAxMTU5NzcwOjE3NjU4MjUzMjM6c3Bfc2VhcmNoX3RoZW1hdGljX2J0ZjozMDA3NDU2NTUwMjYyMDI6OjI6Og&url=%2FSAIJI-Adjustable-XX-Large-Leather-Foldable%2Fdp%2FB0BDDKQJKV%2Fref%3Dsxbs_pa_sp_search_thematic_btf_sspa%3Fcontent-id%3Damzn1.sym.877b2561-1d03-4f04-aee4-715a0796108f%253Aamzn1.sym.877b2561-1d03-4f04-aee4-715a0796108f%26cv_ct_cx%3Dlaptop%2Bstands%26keywords%3Dlaptop%2Bstands%26pd_rd_i%3DB0BDDKQJKV%26pd_rd_r%3D13911afb-a73d-495d-a6e7-08b2dd63bcfb%26pd_rd_w%3DAwshk%26pd_rd_wg%3D7wOnX%26pf_rd_p%3D877b2561-1d03-4f04-aee4-715a0796108f%26pf_rd_r%3D8VF6DYSR245YE5N1WMA2%26qid%3D1765825323%26sbo%3D9ZOMT9Jm0JH%252Ft%252BWi68iDSA%253D%253D%26sr%3D1-3-d1931c17-4371-4e59-bbe3-ace4c8b0d213-spons%26aref%3Dy3UPPjpjHK%26sp_csd%3Dd2lkZ2V0TmFtZT1zcF9zZWFyY2hfdGhlbWF0aWNfYnRm%26psc%3D1&aref=y3UPPjpjHK,https://m.media-amazon.com/images/I/71WD4IXqdQL._AC_UL320_.jpg
"Adjustable Laptop Stand, Computer Stand with 360 Rotating Base, Ergonomic Laptop Riser Mount for Desk Foldable Protable Computer Desk Fits with MacBook Pro Air (10-16"") - Black",$27.98,/sspa/click?ie=UTF8&spc=MTo0NTEzODI1OTAxMTU5NzcwOjE3NjU4MjUzMjM6c3Bfc2VhcmNoX3RoZW1hdGljX2J0ZjozMDA0MjY5MzcyODQyMDI6OjM6Og&url=%2FLOXP-Adjustable-Computer-Rotating-Ergonomic%2Fdp%2FB0DBLBJ2HG%2Fref%3Dsxbs_pa_sp_search_thematic_btf_sspa%3Fcontent-id%3Damzn1.sym.877b2561-1d03-4f04-aee4-715a0796108f%253Aamzn1.sym.877b2561-1d03-4f04-aee4-715a0796108f%26cv_ct_cx%3Dlaptop%2Bstands%26keywords%3Dlaptop%2Bstands%26pd_rd_i%3DB0DBLBJ2HG%26pd_rd_r%3D13911afb-a73d-495d-a6e7-08b2dd63bcfb%26pd_rd_w%3DAwshk%26pd_rd_wg%3D7wOnX%26pf_rd_p%3D877b2561-1d03-4f04-aee4-715a0796108f%26pf_rd_r%3D8VF6DYSR245YE5N1WMA2%26qid%3D1765825323%26sbo%3DRZvfv%252F%252FHxDF%252BO5021pAnSA%253D%253D%26sr%3D1-4-d1931c17-4371-4e59-bbe3-ace4c8b0d213-spons%26aref%3D7EQ9PYISX4%26sp_csd%3Dd2lkZ2V0TmFtZT1zcF9zZWFyY2hfdGhlbWF0aWNfYnRm%26psc%3D1&aref=7EQ9PYISX4,https://m.media-amazon.com/images/I/71DQp57-ltL._AC_UL320_.jpg
"Clear Acrylic Laptop Stand for Desk, with Wrist Rest, Ergonomic Detachable Mount Compatible with 10-17'' All Laptops Such as MacBook Air Pro/HP/Dell/Lenovo",$19.99,/sspa/click?ie=UTF8&spc=MTo0NTEzODI1OTAxMTU5NzcwOjE3NjU4MjUzMjM6c3Bfc2VhcmNoX3RoZW1hdGljX2J0ZjozMDEwNzcxNjExMzQ4MDI6OjQ6Og&url=%2FJCZT-Acrylic-Ergonomic-Detachable-Compatible%2Fdp%2FB0FBWPD6SF%2Fref%3Dsxbs_pa_sp_search_thematic_btf_sspa%3Fcontent-id%3Damzn1.sym.877b2561-1d03-4f04-aee4-715a0796108f%253Aamzn1.sym.877b2561-1d03-4f04-aee4-715a0796108f%26cv_ct_cx%3Dlaptop%2Bstands%26keywords%3Dlaptop%2Bstands%26pd_rd_i%3DB0FBWPD6SF%26pd_rd_r%3D13911afb-a73d-495d-a6e7-08b2dd63bcfb%26pd_rd_w%3DAwshk%26pd_rd_wg%3D7wOnX%26pf_rd_p%3D877b2561-1d03-4f04-aee4-715a0796108f%26pf_rd_r%3D8VF6DYSR245YE5N1WMA2%26qid%3D1765825323%26sbo%3D9ZOMT9Jm0JH%252Ft%252BWi68iDSA%253D%253D%26sr%3D1-5-d1931c17-4371-4e59-bbe3-ace4c8b0d213-spons%26aref%3D9FCFNcd1jb%26sp_csd%3Dd2lkZ2V0TmFtZT1zcF9zZWFyY2hfdGhlbWF0aWNfYnRm%26psc%3D1&aref=9FCFNcd1jb,https://m.media-amazon.com/images/I/71LAvCTU2UL._AC_UL320_.jpg
"OMOTON Vertical Laptop Stand [Updated Double Version], Desktop Aluminum Mac Book Stand with Adjustable Dock Size, Fits All Mac Book, Surface, Chrome Book and Gaming Laptops (Up to 17.3 inch) (Silver)",$23.99,/Updated-Version-Vertical-OMOTON-Adjustable/dp/B078W4XP77/ref=sr_1_17?dib=eyJ2IjoiMSJ9.dwNaeGpKVoR6YIr1G-3NARUN3GxVkZXxhTnc1d7K-cN7Mv7Yw8hFY12j2S1bR02y3epZAbRfSIg8witX2Oy2sR3pE5jCfCPL5gu04tuP62tXSbyTmUkC08wWSuT2rIVh5KgBq1gDHrm1ul4RE6TTQdpzC8NGnslti9CQsF7BqhHQ3QR6JRYYNa9eAxlyFOBo21YgsCo7ozj1d_bof84xedE9sEPYDrJ7WjC12FhEaGs.lbMAWMSiSd_LsQCPunxVd-vRSNubfTzOsv9W6ZpjBVU&dib_tag=se&keywords=laptop+stands&qid=1765825325&sr=8-17,https://m.media-amazon.com/images/I/61nx8x0x-pL._AC_UY218_.jpg
"SAIJI Height & Angle Adjustable Laptop Stand for Bed, Lap Desk Bed Tray Table, Light Weight Foldable Portable Laptop Table for Couch Sofa Chair Floor Desk for Adults, Kids (Black)",$31.99,/SAIJI-Adjustable-Portable-Foldable-Reading/dp/B08TBG3SPW/ref=sr_1_18?dib=eyJ2IjoiMSJ9.dwNaeGpKVoR6YIr1G-3NARUN3GxVkZXxhTnc1d7K-cN7Mv7Yw8hFY12j2S1bR02y3epZAbRfSIg8witX2Oy2sR3pE5jCfCPL5gu04tuP62tXSbyTmUkC08wWSuT2rIVh5KgBq1gDHrm1ul4RE6TTQdpzC8NGnslti9CQsF7BqhHQ3QR6JRYYNa9eAxlyFOBo21YgsCo7ozj1d_bof84xedE9sEPYDrJ7WjC12FhEaGs.lbMAWMSiSd_LsQCPunxVd-vRSNubfTzOsv9W6ZpjBVU&dib_tag=se&keywords=laptop+stands&qid=1765825325&sr=8-18,https://m.media-amazon.com/images/I/61EMw79QIdL._AC_UY218_.jpg
"Projector Stand Tripod Adjustable, Laptop Height from 23.5 to 46.5 inches with Gooseneck Phone Holder, Floor for Office, Home, Stage, Studio, DJ Racks Holder Mount, 23.5inch-46.5inch",$33.98,/Projector-Tripod-Adjustable-Gooseneck-23-5inch-46-5inch/dp/B09T6KYSCX/ref=sr_1_19?dib=eyJ2IjoiMSJ9.dwNaeGpKVoR6YIr1G-3NARUN3GxVkZXxhTnc1d7K-cN7Mv7Yw8hFY12j2S1bR02y3epZAbRfSIg8witX2Oy2sR3pE5jCfCPL5gu04tuP62tXSbyTmUkC08wWSuT2rIVh5KgBq1gDHrm1ul4RE6TTQdpzC8NGnslti9CQsF7BqhHQ3QR6JRYYNa9eAxlyFOBo21YgsCo7ozj1d_bof84xedE9sEPYDrJ7WjC12FhEaGs.lbMAWMSiSd_LsQCPunxVd-vRSNubfTzOsv9W6ZpjBVU&dib_tag=se&keywords=laptop+stands&qid=1765825325&sr=8-19,https://m.media-amazon.com/images/I/61jdo1arLML._AC_UY218_.jpg
"Foldable Laptop Stand, Height Adjustable Ergonomic Computer Stand for Desk, Aluminum Portable Laptop Riser Notebook Mount Compatible with MacBook Pro Air, HP, Dell 10-16""",$21.99,/RIWUCT-Adjustable-Ergonomic-Ventilated-Compatible/dp/B0B1L6R9NN/ref=sr_1_20?dib=eyJ2IjoiMSJ9.dwNaeGpKVoR6YIr1G-3NARUN3GxVkZXxhTnc1d7K-cN7Mv7Yw8hFY12j2S1bR02y3epZAbRfSIg8witX2Oy2sR3pE5jCfCPL5gu04tuP62tXSbyTmUkC08wWSuT2rIVh5KgBq1gDHrm1ul4RE6TTQdpzC8NGnslti9CQsF7BqhHQ3QR6JRYYNa9eAxlyFOBo21YgsCo7ozj1d_bof84xedE9sEPYDrJ7WjC12FhEaGs.lbMAWMSiSd_LsQCPunxVd-vRSNubfTzOsv9W6ZpjBVU&dib_tag=se&keywords=laptop+stands&qid=1765825325&sr=8-20,https://m.media-amazon.com/images/I/61Jkuq77tXL._AC_UY218_.jpg
"Laptop Stand for Desk, Ergonomic Design Adjustable Aluminum Foldable Portable Computer Stand, Compatible with MacBook Air Pro, HP, Lenovo, Dell, More 10-15.6”Inch and Tablets (Silver)",$9.99,/Stand-Computer-Adjustable-Aluminum-Compatible/dp/B08JQC7FQ1/ref=sr_1_21?dib=eyJ2IjoiMSJ9.dwNaeGpKVoR6YIr1G-3NARUN3GxVkZXxhTnc1d7K-cN7Mv7Yw8hFY12j2S1bR02y3epZAbRfSIg8witX2Oy2sR3pE5jCfCPL5gu04tuP62tXSbyTmUkC08wWSuT2rIVh5KgBq1gDHrm1ul4RE6TTQdpzC8NGnslti9CQsF7BqhHQ3QR6JRYYNa9eAxlyFOBo21YgsCo7ozj1d_bof84xedE9sEPYDrJ7WjC12FhEaGs.lbMAWMSiSd_LsQCPunxVd-vRSNubfTzOsv9W6ZpjBVU&dib_tag=se&keywords=laptop+stands&qid=1765825325&sr=8-21,https://m.media-amazon.com/images/I/71cnkzw9ORL._AC_UY218_.jpg
"Adjustable Computer Stand with 360 Rotating Base, Ergonimic Foldable Laptop Riser for Desk Compatible with MacBook Pro/Air Notebook up to 16 Inches, Silver",$36.87,/Adjustable-Rotating-Computer-Ergonimic-Compatible/dp/B0B1LH9RDT/ref=sr_1_22?dib=eyJ2IjoiMSJ9.dwNaeGpKVoR6YIr1G-3NARUN3GxVkZXxhTnc1d7K-cN7Mv7Yw8hFY12j2S1bR02y3epZAbRfSIg8witX2Oy2sR3pE5jCfCPL5gu04tuP62tXSbyTmUkC08wWSuT2rIVh5KgBq1gDHrm1ul4RE6TTQdpzC8NGnslti9CQsF7BqhHQ3QR6JRYYNa9eAxlyFOBo21YgsCo7ozj1d_bof84xedE9sEPYDrJ7WjC12FhEaGs.lbMAWMSiSd_LsQCPunxVd-vRSNubfTzOsv9W6ZpjBVU&dib_tag=se&keywords=laptop+stands&qid=1765825325&sr=8-22,https://m.media-amazon.com/images/I/61yzYqe8gjL._AC_UY218_.jpg
"BESIGN LSX7 Laptop Stand with 360 Rotating Base, Ergonomic Adjustable Notebook Riser Holder Compatible with Air, Pro, Dell, HP, Lenovo More 10-15.6"" Laptops (Black)",$19.79,/BESIGN-LSX7-Ergonomic-Adjustable-Compatible/dp/B0BT9L688F/ref=sr_1_23?dib=eyJ2IjoiMSJ9.dwNaeGpKVoR6YIr1G-3NARUN3GxVkZXxhTnc1d7K-cN7Mv7Yw8hFY12j2S1bR02y3epZAbRfSIg8witX2Oy2sR3pE5jCfCPL5gu04tuP62tXSbyTmUkC08wWSuT2rIVh5KgBq1gDHrm1ul4RE6TTQdpzC8NGnslti9CQsF7BqhHQ3QR6JRYYNa9eAxlyFOBo21YgsCo7ozj1d_bof84xedE9sEPYDrJ7WjC12FhEaGs.lbMAWMSiSd_LsQCPunxVd-vRSNubfTzOsv9W6ZpjBVU&dib_tag=se&keywords=laptop+stands&qid=1765825325&sr=8-23,https://m.media-amazon.com/images/I/61kN3L1r3WL._AC_UY218_.jpg
Rain Design 10075 mStand Laptop Stand (Black),$39.90,/Rain-Design-10075-mStand-Laptop/dp/B095RSLNMY/ref=sr_1_24?dib=eyJ2IjoiMSJ9.dwNaeGpKVoR6YIr1G-3NARUN3GxVkZXxhTnc1d7K-cN7Mv7Yw8hFY12j2S1bR02y3epZAbRfSIg8witX2Oy2sR3pE5jCfCPL5gu04tuP62tXSbyTmUkC08wWSuT2rIVh5KgBq1gDHrm1ul4RE6TTQdpzC8NGnslti9CQsF7BqhHQ3QR6JRYYNa9eAxlyFOBo21YgsCo7ozj1d_bof84xedE9sEPYDrJ7WjC12FhEaGs.lbMAWMSiSd_LsQCPunxVd-vRSNubfTzOsv9W6ZpjBVU&dib_tag=se&keywords=laptop+stands&qid=1765825325&sr=8-24,https://m.media-amazon.com/images/I/51+paDj4q7L._AC_UY218_.jpg
"OMOTON Vertical Laptop Stand Holder, Desktop Aluminum Stand for MacBook with Adjustable Dock Size, Fits All MacBook, Surface, Chromebook and Gaming Laptops (Up to 17.3 inches),Black",$21.79,/Vertical-Adjustable-OMOTON-Aluminum-Chromebook/dp/B0769G51R7/ref=sr_1_25?dib=eyJ2IjoiMSJ9.dwNaeGpKVoR6YIr1G-3NARUN3GxVkZXxhTnc1d7K-cN7Mv7Yw8hFY12j2S1bR02y3epZAbRfSIg8witX2Oy2sR3pE5jCfCPL5gu04tuP62tXSbyTmUkC08wWSuT2rIVh5KgBq1gDHrm1ul4RE6TTQdpzC8NGnslti9CQsF7BqhHQ3QR6JRYYNa9eAxlyFOBo21YgsCo7ozj1d_bof84xedE9sEPYDrJ7WjC12FhEaGs.lbMAWMSiSd_LsQCPunxVd-vRSNubfTzOsv9W6ZpjBVU&dib_tag=se&keywords=laptop+stands&qid=1765825325&sr=8-25,https://m.media-amazon.com/images/I/61Rld+196fL._AC_UY218_.jpg
"OMOTON Adjustable Laptop Stand with 360 Rotating Base, Ergonomic Laptop Riser for Collaborative Work, Dual Rotary Shaft Fully Foldable for Easy Storage, Fits All Laptops up to 16 inches, Silver",$28.49,/Adjustable-OMOTON-Collaborative-Ergonomic-Compatible/dp/B08R8GWBSM/ref=sr_1_26?dib=eyJ2IjoiMSJ9.dwNaeGpKVoR6YIr1G-3NARUN3GxVkZXxhTnc1d7K-cN7Mv7Yw8hFY12j2S1bR02y3epZAbRfSIg8witX2Oy2sR3pE5jCfCPL5gu04tuP62tXSbyTmUkC08wWSuT2rIVh5KgBq1gDHrm1ul4RE6TTQdpzC8NGnslti9CQsF7BqhHQ3QR6JRYYNa9eAxlyFOBo21YgsCo7ozj1d_bof84xedE9sEPYDrJ7WjC12FhEaGs.lbMAWMSiSd_LsQCPunxVd-vRSNubfTzOsv9W6ZpjBVU&dib_tag=se&keywords=laptop+stands&qid=1765825325&sr=8-26,https://m.media-amazon.com/images/I/61357+bhTXL._AC_UY218_.jpg
"SOUNDANCE Laptop Stand for Desk, Metal Computer Riser, Heavy Stable PC Holder, Ergonomic Laptops Elevator for 12 to 17.3 Inches Notebook Computer, Silver",$13.99,/SOUNDANCE-Computer-Ergonomic-Elevator-Notebook/dp/B0BNN2GWZL/ref=sr_1_27?dib=eyJ2IjoiMSJ9.dwNaeGpKVoR6YIr1G-3NARUN3GxVkZXxhTnc1d7K-cN7Mv7Yw8hFY12j2S1bR02y3epZAbRfSIg8witX2Oy2sR3pE5jCfCPL5gu04tuP62tXSbyTmUkC08wWSuT2rIVh5KgBq1gDHrm1ul4RE6TTQdpzC8NGnslti9CQsF7BqhHQ3QR6JRYYNa9eAxlyFOBo21YgsCo7ozj1d_bof84xedE9sEPYDrJ7WjC12FhEaGs.lbMAWMSiSd_LsQCPunxVd-vRSNubfTzOsv9W6ZpjBVU&dib_tag=se&keywords=laptop+stands&qid=1765825325&sr=8-27,https://m.media-amazon.com/images/I/71M9Lre4mpL._AC_UY218_.jpg
"BESIGN LS01 Pro Ergonomic Laptop Stand, Plastic Laptop Riser, Portable and Adjustable Notebook Computer Holder Compatible with 10-14"" Laptops (Black)",$6.26,/BESIGN-LS01-Pro-Adjustable-Compatible/dp/B0DHPNXM76/ref=sr_1_28?dib=eyJ2IjoiMSJ9.dwNaeGpKVoR6YIr1G-3NARUN3GxVkZXxhTnc1d7K-cN7Mv7Yw8hFY12j2S1bR02y3epZAbRfSIg8witX2Oy2sR3pE5jCfCPL5gu04tuP62tXSbyTmUkC08wWSuT2rIVh5KgBq1gDHrm1ul4RE6TTQdpzC8NGnslti9CQsF7BqhHQ3QR6JRYYNa9eAxlyFOBo21YgsCo7ozj1d_bof84xedE9sEPYDrJ7WjC12FhEaGs.lbMAWMSiSd_LsQCPunxVd-vRSNubfTzOsv9W6ZpjBVU&dib_tag=se&keywords=laptop+stands&qid=1765825325&sr=8-28,https://m.media-amazon.com/images/I/81wKjJK1bdL._AC_UY218_.jpg
"BESIGN LS10 Aluminum Laptop Stand, Ergonomic Adjustable Notebook Tablet Stand, Computer Holder Compatible with Air, Pro, Dell, HP, Lenovo More 10-14"" Laptops, Black",$14.24,/Aluminum-Ergonomic-Adjustable-Notebook-Compatible/dp/B08BKVGY3S/ref=sr_1_29?dib=eyJ2IjoiMSJ9.dwNaeGpKVoR6YIr1G-3NARUN3GxVkZXxhTnc1d7K-cN7Mv7Yw8hFY12j2S1bR02y3epZAbRfSIg8witX2Oy2sR3pE5jCfCPL5gu04tuP62tXSbyTmUkC08wWSuT2rIVh5KgBq1gDHrm1ul4RE6TTQdpzC8NGnslti9CQsF7BqhHQ3QR6JRYYNa9eAxlyFOBo21YgsCo7ozj1d_bof84xedE9sEPYDrJ7WjC12FhEaGs.lbMAWMSiSd_LsQCPunxVd-vRSNubfTzOsv9W6ZpjBVU&dib_tag=se&keywords=laptop+stands&qid=1765825325&sr=8-29,https://m.media-amazon.com/images/I/71Ul52PtAYL._AC_UY218_.jpg
"Nulaxy Fully Aluminum Detachable Laptop Stand, Ergonomic Ventilated Cooling Laptop Holder Computer Riser for Desk, Anti-Slip Design Notebook Stand Compatible with All 10-16"" MacBook/Dell XPS/HP/Lenovo",$17.99,/Nulaxy-Ergonomic-Aluminum-Detachable-Compatible/dp/B07P54RSPY/ref=sr_1_30?dib=eyJ2IjoiMSJ9.dwNaeGpKVoR6YIr1G-3NARUN3GxVkZXxhTnc1d7K-cN7Mv7Yw8hFY12j2S1bR02y3epZAbRfSIg8witX2Oy2sR3pE5jCfCPL5gu04tuP62tXSbyTmUkC08wWSuT2rIVh5KgBq1gDHrm1ul4RE6TTQdpzC8NGnslti9CQsF7BqhHQ3QR6JRYYNa9eAxlyFOBo21YgsCo7ozj1d_bof84xedE9sEPYDrJ7WjC12FhEaGs.lbMAWMSiSd_LsQCPunxVd-vRSNubfTzOsv9W6ZpjBVU&dib_tag=se&keywords=laptop+stands&qid=1765825325&sr=8-30,https://m.media-amazon.com/images/I/714ZRlXD-dL._AC_UY218_.jpg
"HUANUO Adjustable Laptop Stand Riser for Desk, Fits Up to 15.6 inch Notebook, Mesh Ventilated Laptop Cooling Stand with 8 Tilt Levels",$29.99,/HUANUO-Adjustable-Notebook-Ventilated-Cooling/dp/B07QK8W44T/ref=sr_1_31?dib=eyJ2IjoiMSJ9.dwNaeGpKVoR6YIr1G-3NARUN3GxVkZXxhTnc1d7K-cN7Mv7Yw8hFY12j2S1bR02y3epZAbRfSIg8witX2Oy2sR3pE5jCfCPL5gu04tuP62tXSbyTmUkC08wWSuT2rIVh5KgBq1gDHrm1ul4RE6TTQdpzC8NGnslti9CQsF7BqhHQ3QR6JRYYNa9eAxlyFOBo21YgsCo7ozj1d_bof84xedE9sEPYDrJ7WjC12FhEaGs.lbMAWMSiSd_LsQCPunxVd-vRSNubfTzOsv9W6ZpjBVU&dib_tag=se&keywords=laptop+stands&qid=1765825325&sr=8-31,https://m.media-amazon.com/images/I/81b+hqgsiqL._AC_UY218_.jpg
"Adjustable Laptop Stand, Portable Laptop Riser for Desk, ABS+Silicone Foldable Ventilated Cooling Notebook Holder Stand for 10-15.6” Laptops,Tablets",$6.79,/Gogoonike-Foldable-Ventilated-Adjustable-Notebook/dp/B091M7XJ2K/ref=sr_1_32?dib=eyJ2IjoiMSJ9.dwNaeGpKVoR6YIr1G-3NARUN3GxVkZXxhTnc1d7K-cN7Mv7Yw8hFY12j2S1bR02y3epZAbRfSIg8witX2Oy2sR3pE5jCfCPL5gu04tuP62tXSbyTmUkC08wWSuT2rIVh5KgBq1gDHrm1ul4RE6TTQdpzC8NGnslti9CQsF7BqhHQ3QR6JRYYNa9eAxlyFOBo21YgsCo7ozj1d_bof84xedE9sEPYDrJ7WjC12FhEaGs.lbMAWMSiSd_LsQCPunxVd-vRSNubfTzOsv9W6ZpjBVU&dib_tag=se&keywords=laptop+stands&qid=1765825325&sr=8-32,https://m.media-amazon.com/images/I/610MKOLki9L._AC_UY218_.jpg
"Laptop Stand for Desk, Adjustable Computer Stand with 360° Rotating Base, Ergonomic Laptop Riser for Collaborative Work, Foldable & Portable Laptop Stand, fits for All 10-16"" Laptops",$35.98,https://aax-us-east-retail-direct.amazon.com/x/c/JBWXFBKJjbIBfTYC29KavjsAAAGbI2QqswEAAAH2AQBvbm9fdHhuX2JpZDcgICBvbm9fdHhuX2ltcDIgICCwKhLi/clv1_CEuOPUxokZA0iHrVQsIj-H_2HGh5SJ4Kns0DzmaJ0tgk4X8NqA-rJ_018nHz9hvWjq0yzpNb3XTPsunPs2EceWZRPBy8Ec_VCE4jN2d-b1H5BJ85miAOLZEdHEepooamXJOUI0W78tANGk5hgFv_ak5TLFFOGshzBElqUqEnHhGU36Ta0Ek8SAz5MJbld7QzBH9acdHMzpkFUDVhJ9oQXuEFlsWsnsI6KjDhFKorgxcWp4FvlLz2S1sKgEji6npOAE_zFP7W4zho-hUrANRvXRGwenKzslPpBOrh0YngXK8VGlGC8byFyCnOZALHHJaq9-sczsxsTvDakJrjCuG2N_hJy-tLAysA959E5tFlNatewnBzNRCc4hWR5rIBU0KHcCRtq0SmgkUwjWzRNJLRfUt2B7PUt8pDZfIZM3hCrgUANL9bkxVaLztUwaVWXQoMHaeUao3xp-WQHS8cbA2SvJ4yA2-io1a6UxNtQYpRv-6TMit65IyG_WTyaXgbMNKPkN1KwzpnRZQkgR2wuFTAxzjxdS5BQE8kKTSGVWbqP7_EUx6VCwkn8VE8V2TxW33iEcUlgPRYbwXA3KpZl5oMJgvYOzBhtSZf0u8VkoKGnnxQgpyrna4MbFT47TeoTvCKIkEibO4XMT9hzvd0C6EWigkc_4OuDU1ZaHYCnelcjrxMAxcQUxygs1MS-BWEbuZ-_Sgj5mRXnvoFwewFDlnrI1A17pLYBOfE4pTQARc1CSTvrQHVa-8q5RZls-ktVdm2rLxtEmnYsUPe8wTRHmC5EAJH-ibgKHRkhOB5StAoci7Jx0kYY9BMgwVPv6TuTUyXceujTQh40CvMo9xzXOlTnbuAjGIYhP6WFcGIlN6KjEuP03jzs08Bzwn0kG7LvzPbiuMvttoYqRvuAcEEXPodMKqExPrg-g5vCTYbAjjygiHj3Wh-C1cuQklvSzLkyDmBtii_ReT-v7yHjL_r0hK_UYdINtWUWebsxUPNcBN8aOIIbglaS1hSab_wzQfyE3wVHCuazq1u1C80f6sa2ZW-6SZZ3ipEAPG9jVxq6YRMrhBxdEO3aLqCPwi1MIp4Gd5maXWxX7PvTRcpCbyxYsDYrdzERhLg1blwSu4VCwJVBLydDHSROtR7lmZlXq2S7PfYl-9GbtO-hRcpAOpDngdeUmEHQfr7FlzsIokhutbCt4agx0WT6UzY4LM7kxpFXcohOke8DFH7xUaAaj0yjX_PGfK3-PBhhZRA1RSq7aMVLmDlCG87fX-f8W25jSAUOqbffYIhmvWUYF3oUqNSBLULokYHxKgl0q6yiizxqGuwJt3MbuFMS-jB9P0CqjWMyZUIKq8iTyr2x2LKkr0bfHo86PrN7NYKxnV7UdleH-FspbFIqVmnLXOsjP2VDE-iTK9QSSHoaCi3ewL6RRsia9aBVL6zvCLyakxKxpcl99fuuVZpThFy96gcHesULjjSMxyq9TEDGkLlv4WrsxD-OA7cdWHm2wCdYs8C5b5w9uEht1EllEHDJX6zPHRh3Z4KqdOIrlj0YgdWcspYEKjXcY86DjPYgcacKBizBUqAJqFJq82518mdzoqEQoB5Ud4EjvFLU9j-Pl3C06fdQ_TkJ30jbQBl_--KzIAP3LTUwnnlyu2pSVPkFS2isRRKsHxgYYaZQhrbL0733ZkmfWyGzRgR_fY3WhuwJ1YsEZRzq-I7S_uscN8Wi6n2SlJ53uOHhv-3osJnVp2zsRJi5TGohbYKH32_1ipwjjqRgtZ1CA-h7GT2lOj_6P4NZM1v1Er8JdkR7owx_iWjoZN9A-JEV55D1wgKGcXF5VHiSc-iEyWPrpyeCp6JzJIt7sMrecaXlfFZvQU6VcMeKJkKvPnHP0fCBIyGqI95I9isecdNWRo_hTppitDlBYm1nHkge5XcxOE0q_PoSxB7n_GD0TxySyGgL_OejA9UwrcIfJySvZ8Zr3oDHBRN57bOY6QLzQ61Jj5nkp_gRngZBsGG5Y2LZYyPEBrxwPtEBmW0WIUwG13_MdDdFQ8gT_KJZqPxryTCgVwCLYlQYUkbdrck-ntbvqXohpOkp9w2JeicfNgZQaZQXoItq4dHEwNTbcIa2H8LJ6qc_HVcXmRaV_Gia32BOQWiPkMLXKWl_9LiF6N28nYqEfKYU91DfRWAe5tuk-pKcsVzzlZIE4C6_8DmQGdm-9AJQdylWTYbHNt4WSTbfPlRWfN_d9-1VoWLXq0HeTAXTXBvp6q2Abr4qpW26KFVb7lo3OqR9Y5XmgBj7fr_MQgbm-IUfZFNYi261ZLjdL-22cNJO1CpT6G9sWSytTpSMfEhZ4fkY6i6xA1DXbePObtmAAqA6M1v7lVNiyLZrcT2DOgm8DLf8Mxa-FyrqBPJGujIIfhLvKl3izTKCPVREqcmcnIjakt7PKUdb7oGHYgGBWxgiILDq8ffgI9f8EslG3cATlE9mP_KgMdJWDM0PYHfxys-hx2pyY9zhl5E_GXU0ESCbw/https://www.amazon.com/dp/B09PYPPD9L?pd_rd_i=B09PYPPD9L&pf_rd_p=2c8e5d59-6279-4999-832d-be45d1ca8e79&pf_rd_r=NJ39Q50A1P75ZX1GSE0J&pd_rd_wg=HNHqU&pd_rd_w=0PtiS&pd_rd_r=8e14c632-699f-4e1c-b77c-9b5620fba2d9,https://aax-us-east-retail-direct.amazon.com/e/is/D8A8F2B64B75DAA625F6833085AA5FF3/impb?b=JBWXFBKJjbIBfTYC29KavjsAAAGbI2QqswEAAAH2AQBvbm9fdHhuX2JpZDcgICBvbm9fdHhuX2ltcDIgICCwKhLi&w=0&bi=RF0hzgq4iY4RTNyzyRLkbz3V8MUN4eyFY2e0ePzxvmlIrzNBF2-9vUU7WEOvpDRhlyfp5h8rZ6LOa-KEikoUig7Eldaq-Jm0ownna8xsZxOF6O.VUPSruc0tdisL.GvAnAUbdFzvBISVzUkL2lB9GvVuVn40m1B1AQ1YKo8sVR73Ku3JvKAPHl8wKBDgsHK.vJDcKJg3s44wnt8QA7iAMSvRwu.Ati8cxPULp-RkCe7Mxy-XPXbk1daGuVjmt1ydO06n5UvSgOldUVABKSuit8iZRPS65KBLhTneeqzdDUjWSnqpZMtGVwhsdCNqgP2SzxpzIcWS7E0bU7h-dZ1JEdPxhvFGkZbXK.xPdLLC3N3UjSJ2tQh2R8kZcZKcAdqLkG5mo92OY56tc6dbnn9zMUKRYW-8Af-afORvsCENKHRm6xH81R781DamVg6jUtekEwWeH6omKf7L5xKRK7nvLevzfwFftUnP9yEvp47cwl8_
"Nulaxy Fully Aluminum Detachable Laptop Stand, Ergonomic Ventilated Cooling Laptop Holder Computer Riser for Desk, Anti-Slip Design Notebook Stand Compatible with All 10-16"" MacBook/Dell XPS/HP/Lenovo",$17.99,/Nulaxy-Ergonomic-Aluminum-Detachable-Compatible/dp/B07P54RSPY/ref=sr_1_33?dib=eyJ2IjoiMSJ9.48SQFkoBGM9JPCgcaKZ7w3zRISbSd1kwVDirDDK1SNQjsy-QiFzO1F5Pnmh_zrhaCqc9es_Lw9Fzo4PWgOlgIrYWKrmEKhnybUm3LBDaVyIbgF4xWMXbYEAElN0iAQzP94MJ9db6mgwRPbnVFc-ibNXqN8nyLNAXBimZKJ7nZ34x-VoNzUlZDkF--inwt2Dv8EvMU_qtea3a7b0o8Q4RrTyt7RIPTylpPdxQAuiTp8s.cQJJZjz6KGMNo5cemAC_3804LxANd1XKKq_ZjW-x78M&dib_tag=se&keywords=laptop+stands&qid=1765825333&sr=8-33,https://m.media-amazon.com/images/I/714ZRlXD-dL._AC_UY218_.jpg
"HUANUO Monitor Stand, Monitor Stand Riser 3 Height Adjustable, Monitor Riser with Airflow Vents, Laptop Stand for Desk, Laptop Riser, Desk Organizer for Monitor, 15.6"" Laptop, PC, Printer",$13.58,/Monitor-Stand-Riser-Adjustable-Ergonomic/dp/B07H4DMLVH/ref=sr_1_34?dib=eyJ2IjoiMSJ9.48SQFkoBGM9JPCgcaKZ7w3zRISbSd1kwVDirDDK1SNQjsy-QiFzO1F5Pnmh_zrhaCqc9es_Lw9Fzo4PWgOlgIrYWKrmEKhnybUm3LBDaVyIbgF4xWMXbYEAElN0iAQzP94MJ9db6mgwRPbnVFc-ibNXqN8nyLNAXBimZKJ7nZ34x-VoNzUlZDkF--inwt2Dv8EvMU_qtea3a7b0o8Q4RrTyt7RIPTylpPdxQAuiTp8s.cQJJZjz6KGMNo5cemAC_3804LxANd1XKKq_ZjW-x78M&dib_tag=se&keywords=laptop+stands&qid=1765825333&sr=8-34,https://m.media-amazon.com/images/I/61auMpE6zFL._AC_UY218_.jpg
"WALI Laptop Tray Desk Mount for 17inch Notebook, Fully Adjustable Laptop Arm up to 22lbs, Monitor Mount with Vented Cooling Platform Stand (M00LP), Black",$29.99,/WALI-Notebook-Adjustable-Capacity-M00LP/dp/B07BDQQVN2/ref=sr_1_35?dib=eyJ2IjoiMSJ9.48SQFkoBGM9JPCgcaKZ7w3zRISbSd1kwVDirDDK1SNQjsy-QiFzO1F5Pnmh_zrhaCqc9es_Lw9Fzo4PWgOlgIrYWKrmEKhnybUm3LBDaVyIbgF4xWMXbYEAElN0iAQzP94MJ9db6mgwRPbnVFc-ibNXqN8nyLNAXBimZKJ7nZ34x-VoNzUlZDkF--inwt2Dv8EvMU_qtea3a7b0o8Q4RrTyt7RIPTylpPdxQAuiTp8s.cQJJZjz6KGMNo5cemAC_3804LxANd1XKKq_ZjW-x78M&dib_tag=se&keywords=laptop+stands&qid=1765825333&sr=8-35,https://m.media-amazon.com/images/I/611IsHK4M7L._AC_UY218_.jpg
"Laptop Stand for Desk, MacBook Stand SOQOOL Sturdy Laptop Riser, Ventilated Ergonomic Aluminum Laptop Holder Compatible with 12 13 15.6 17 Inch MacBook Pro Air/HP/Dell, Work Cooling Computer Stand",$15.95,/Soqool-Ergonomic-Detachable-Aluminum-Compatible/dp/B0B6NZ14KG/ref=sr_1_36?dib=eyJ2IjoiMSJ9.48SQFkoBGM9JPCgcaKZ7w3zRISbSd1kwVDirDDK1SNQjsy-QiFzO1F5Pnmh_zrhaCqc9es_Lw9Fzo4PWgOlgIrYWKrmEKhnybUm3LBDaVyIbgF4xWMXbYEAElN0iAQzP94MJ9db6mgwRPbnVFc-ibNXqN8nyLNAXBimZKJ7nZ34x-VoNzUlZDkF--inwt2Dv8EvMU_qtea3a7b0o8Q4RrTyt7RIPTylpPdxQAuiTp8s.cQJJZjz6KGMNo5cemAC_3804LxANd1XKKq_ZjW-x78M&dib_tag=se&keywords=laptop+stands&qid=1765825333&sr=8-36,https://m.media-amazon.com/images/I/61rdPpUfgoL._AC_UY218_.jpg
"SOUNDANCE Adjustable Laptop Stand for Desk, Computer Stand, Ergonomic Laptop Riser Holder Compatible with 10 to 17.3 Inches Notebook PC Computer, Aluminum Silver",$20.99,/Soundance-Adjustable-Computer-Ergonomic-Compatible/dp/B08PBT82M7/ref=sr_1_37?dib=eyJ2IjoiMSJ9.48SQFkoBGM9JPCgcaKZ7w3zRISbSd1kwVDirDDK1SNQjsy-QiFzO1F5Pnmh_zrhaCqc9es_Lw9Fzo4PWgOlgIrYWKrmEKhnybUm3LBDaVyIbgF4xWMXbYEAElN0iAQzP94MJ9db6mgwRPbnVFc-ibNXqN8nyLNAXBimZKJ7nZ34x-VoNzUlZDkF--inwt2Dv8EvMU_qtea3a7b0o8Q4RrTyt7RIPTylpPdxQAuiTp8s.cQJJZjz6KGMNo5cemAC_3804LxANd1XKKq_ZjW-x78M&dib_tag=se&keywords=laptop+stands&qid=1765825333&sr=8-37,https://m.media-amazon.com/images/I/71jUvijNI4L._AC_UY218_.jpg
"OMOTON Laptop Stand for Desk, Ergonomic Metal Adjustable Laptop Stand, Laptop Holder Riser with Cooling Function, Computer Stand Compatible with MacBook and All Laptops (10-17.2 inch), Silver",$14.98,/OMOTON-Ergonomic-Adjustable-Function-Compatible/dp/B0DCBR8WY5/ref=sr_1_38?dib=eyJ2IjoiMSJ9.48SQFkoBGM9JPCgcaKZ7w3zRISbSd1kwVDirDDK1SNQjsy-QiFzO1F5Pnmh_zrhaCqc9es_Lw9Fzo4PWgOlgIrYWKrmEKhnybUm3LBDaVyIbgF4xWMXbYEAElN0iAQzP94MJ9db6mgwRPbnVFc-ibNXqN8nyLNAXBimZKJ7nZ34x-VoNzUlZDkF--inwt2Dv8EvMU_qtea3a7b0o8Q4RrTyt7RIPTylpPdxQAuiTp8s.cQJJZjz6KGMNo5cemAC_3804LxANd1XKKq_ZjW-x78M&dib_tag=se&keywords=laptop+stands&qid=1765825333&sr=8-38,https://m.media-amazon.com/images/I/710n4kT0jsL._AC_UY218_.jpg
"Nulaxy Telescopic 360 Rotating Laptop Stand for Desk Adjustable Height Swivel Pull Out Design Ergonomic Laptop Riser Standing Desk Converter Fits All 10-17"" Laptops Computer MacBook, Gray",$49.99,/Nulaxy-Telescopic-Rotating-Adjustable-Ergonomic/dp/B0B2P4B8WL/ref=sr_1_39?dib=eyJ2IjoiMSJ9.48SQFkoBGM9JPCgcaKZ7w3zRISbSd1kwVDirDDK1SNQjsy-QiFzO1F5Pnmh_zrhaCqc9es_Lw9Fzo4PWgOlgIrYWKrmEKhnybUm3LBDaVyIbgF4xWMXbYEAElN0iAQzP94MJ9db6mgwRPbnVFc-ibNXqN8nyLNAXBimZKJ7nZ34x-VoNzUlZDkF--inwt2Dv8EvMU_qtea3a7b0o8Q4RrTyt7RIPTylpPdxQAuiTp8s.cQJJZjz6KGMNo5cemAC_3804LxANd1XKKq_ZjW-x78M&dib_tag=se&keywords=laptop+stands&qid=1765825333&sr=8-39,https://m.media-amazon.com/images/I/71dydukbQUL._AC_UY218_.jpg
"Projector Stand, 33LB Load Bearing & 22-55"" Height Adjustable, for Projector/Laptop/DJ Gear, Outdoor/Office/Studio - Stable Base (Black)",$23.45,/Projector-Stand-Adjustable-Equipment-Outdoor/dp/B0BNHHXHRS/ref=sr_1_40?dib=eyJ2IjoiMSJ9.48SQFkoBGM9JPCgcaKZ7w3zRISbSd1kwVDirDDK1SNQjsy-QiFzO1F5Pnmh_zrhaCqc9es_Lw9Fzo4PWgOlgIrYWKrmEKhnybUm3LBDaVyIbgF4xWMXbYEAElN0iAQzP94MJ9db6mgwRPbnVFc-ibNXqN8nyLNAXBimZKJ7nZ34x-VoNzUlZDkF--inwt2Dv8EvMU_qtea3a7b0o8Q4RrTyt7RIPTylpPdxQAuiTp8s.cQJJZjz6KGMNo5cemAC_3804LxANd1XKKq_ZjW-x78M&dib_tag=se&keywords=laptop+stands&qid=1765825333&sr=8-40,https://m.media-amazon.com/images/I/61CW6F3ulAL._AC_UY218_.jpg
"Rain Design 10032 mStand Laptop Stand, Silver (Patented)",$39.90,/Rain-Design-mStand-Laptop-Patented/dp/B000OOYECC/ref=sr_1_41?dib=eyJ2IjoiMSJ9.48SQFkoBGM9JPCgcaKZ7w3zRISbSd1kwVDirDDK1SNQjsy-QiFzO1F5Pnmh_zrhaCqc9es_Lw9Fzo4PWgOlgIrYWKrmEKhnybUm3LBDaVyIbgF4xWMXbYEAElN0iAQzP94MJ9db6mgwRPbnVFc-ibNXqN8nyLNAXBimZKJ7nZ34x-VoNzUlZDkF--inwt2Dv8EvMU_qtea3a7b0o8Q4RrTyt7RIPTylpPdxQAuiTp8s.cQJJZjz6KGMNo5cemAC_3804LxANd1XKKq_ZjW-x78M&dib_tag=se&keywords=laptop+stands&qid=1765825333&sr=8-41,https://m.media-amazon.com/images/I/61aLBwE6tNL._AC_UY218_.jpg
"ALASHI Laptop Stand for Desk with 360° Rotating Base, Multi-Angle Adjustable Laptop Stands, Foldable Laptop Riser Compatible with 10 to 15.6 Inches PC Computer, White",$22.99,/ALASHI-Rotating-Multi-Angle-Adjustable-Compatible/dp/B0CL9HB1GD/ref=sr_1_42?dib=eyJ2IjoiMSJ9.48SQFkoBGM9JPCgcaKZ7w3zRISbSd1kwVDirDDK1SNQjsy-QiFzO1F5Pnmh_zrhaCqc9es_Lw9Fzo4PWgOlgIrYWKrmEKhnybUm3LBDaVyIbgF4xWMXbYEAElN0iAQzP94MJ9db6mgwRPbnVFc-ibNXqN8nyLNAXBimZKJ7nZ34x-VoNzUlZDkF--inwt2Dv8EvMU_qtea3a7b0o8Q4RrTyt7RIPTylpPdxQAuiTp8s.cQJJZjz6KGMNo5cemAC_3804LxANd1XKKq_ZjW-x78M&dib_tag=se&keywords=laptop+stands&qid=1765825333&sr=8-42,https://m.media-amazon.com/images/I/81-M5+uSZPL._AC_UY218_.jpg
"UGREEN Vertical Laptop Stand Holder for Desk Compatible with MacBook Pro, MacBook Air Stand Vertical Aluminum Adjustable for Up to 17.3 Inch Gaming Laptop, Gray",$18.99,/UGREEN-Vertical-Adjustable-Compatible-Microsoft/dp/B091B4SWR7/ref=sr_1_43?dib=eyJ2IjoiMSJ9.48SQFkoBGM9JPCgcaKZ7w3zRISbSd1kwVDirDDK1SNQjsy-QiFzO1F5Pnmh_zrhaCqc9es_Lw9Fzo4PWgOlgIrYWKrmEKhnybUm3LBDaVyIbgF4xWMXbYEAElN0iAQzP94MJ9db6mgwRPbnVFc-ibNXqN8nyLNAXBimZKJ7nZ34x-VoNzUlZDkF--inwt2Dv8EvMU_qtea3a7b0o8Q4RrTyt7RIPTylpPdxQAuiTp8s.cQJJZjz6KGMNo5cemAC_3804LxANd1XKKq_ZjW-x78M&dib_tag=se&keywords=laptop+stands&qid=1765825333&sr=8-43,https://m.media-amazon.com/images/I/61TgY7v-jxL._AC_UY218_.jpg
Rain Design mStand Laptop Stand - Space Gray (10072),$39.90,/Rain-Design-mStand-Laptop-Patented/dp/B01F01DRW6/ref=sr_1_44?dib=eyJ2IjoiMSJ9.48SQFkoBGM9JPCgcaKZ7w3zRISbSd1kwVDirDDK1SNQjsy-QiFzO1F5Pnmh_zrhaCqc9es_Lw9Fzo4PWgOlgIrYWKrmEKhnybUm3LBDaVyIbgF4xWMXbYEAElN0iAQzP94MJ9db6mgwRPbnVFc-ibNXqN8nyLNAXBimZKJ7nZ34x-VoNzUlZDkF--inwt2Dv8EvMU_qtea3a7b0o8Q4RrTyt7RIPTylpPdxQAuiTp8s.cQJJZjz6KGMNo5cemAC_3804LxANd1XKKq_ZjW-x78M&dib_tag=se&keywords=laptop+stands&qid=1765825333&sr=8-44,https://m.media-amazon.com/images/I/51IF1+P4jUL._AC_UY218_.jpg
"Portable Laptop Stand, OMOTON Laptop Stand for Desk Ergonomic 7-Levels Angles Adjustable Computer Stand, ABS Laptop Riser Holder Compatible with All Laptops and iPad(10-15.6"")",$7.99,/Portable-OMOTON-Ergonomic-Adjustable-Compatible/dp/B0B6V32P8V/ref=sr_1_45?dib=eyJ2IjoiMSJ9.48SQFkoBGM9JPCgcaKZ7w3zRISbSd1kwVDirDDK1SNQjsy-QiFzO1F5Pnmh_zrhaCqc9es_Lw9Fzo4PWgOlgIrYWKrmEKhnybUm3LBDaVyIbgF4xWMXbYEAElN0iAQzP94MJ9db6mgwRPbnVFc-ibNXqN8nyLNAXBimZKJ7nZ34x-VoNzUlZDkF--inwt2Dv8EvMU_qtea3a7b0o8Q4RrTyt7RIPTylpPdxQAuiTp8s.cQJJZjz6KGMNo5cemAC_3804LxANd1XKKq_ZjW-x78M&dib_tag=se&keywords=laptop+stands&qid=1765825333&sr=8-45,https://m.media-amazon.com/images/I/61Br-ZnHtoL._AC_UY218_.jpg
"Laptop Stand for Desk Detachable Aluminum Computer Riser Portable Metal Notebook Printer Stand Holder Compatible with MacBook Air, Pro, Dell, HP, Lenovo and All 10-16"" Laptops, Black",$16.66,/GleYo-Detachable-Aluminum-Computer-Compatible/dp/B0DMYGX21M/ref=sr_1_46?dib=eyJ2IjoiMSJ9.48SQFkoBGM9JPCgcaKZ7w3zRISbSd1kwVDirDDK1SNQjsy-QiFzO1F5Pnmh_zrhaCqc9es_Lw9Fzo4PWgOlgIrYWKrmEKhnybUm3LBDaVyIbgF4xWMXbYEAElN0iAQzP94MJ9db6mgwRPbnVFc-ibNXqN8nyLNAXBimZKJ7nZ34x-VoNzUlZDkF--inwt2Dv8EvMU_qtea3a7b0o8Q4RrTyt7RIPTylpPdxQAuiTp8s.cQJJZjz6KGMNo5cemAC_3804LxANd1XKKq_ZjW-x78M&dib_tag=se&keywords=laptop+stands&qid=1765825333&sr=8-46,https://m.media-amazon.com/images/I/61hPUBXpRzL._AC_UY218_.jpg
"MOUNTUP Laptop Stand for Desk, Adjustable Aluminum Laptops Arm Mount for 14-17 Inch Notebook & 32"" Monitor, Laptops Arm for Desk Support for 2.2-19.8lbs, 2-in-1 Laptop Desk Mount with Clamp/Grommet",$39.99,/MOUNTUP-3-3-17-6lbs-Computer-Notebook-Adjustable/dp/B0C3V9VQL3/ref=sr_1_47?dib=eyJ2IjoiMSJ9.48SQFkoBGM9JPCgcaKZ7w3zRISbSd1kwVDirDDK1SNQjsy-QiFzO1F5Pnmh_zrhaCqc9es_Lw9Fzo4PWgOlgIrYWKrmEKhnybUm3LBDaVyIbgF4xWMXbYEAElN0iAQzP94MJ9db6mgwRPbnVFc-ibNXqN8nyLNAXBimZKJ7nZ34x-VoNzUlZDkF--inwt2Dv8EvMU_qtea3a7b0o8Q4RrTyt7RIPTylpPdxQAuiTp8s.cQJJZjz6KGMNo5cemAC_3804LxANd1XKKq_ZjW-x78M&dib_tag=se&keywords=laptop+stands&qid=1765825333&sr=8-47,https://m.media-amazon.com/images/I/61TNbqyjQaL._AC_UY218_.jpg
"ivoler Laptop Stand, Laptop Holder Riser Computer Tablet Stand, 6 Angles Adjustable Aluminum Ergonomic Foldable Portable Desktop Holder Compatible with 10-15.6” MacBook,iPad, HP, Dell, Lenovo Silver",$9.99,/Adjustable-Aluminum-Computer-Ergonomic-Compatible/dp/B07WBYCTNX/ref=sr_1_48?dib=eyJ2IjoiMSJ9.48SQFkoBGM9JPCgcaKZ7w3zRISbSd1kwVDirDDK1SNQjsy-QiFzO1F5Pnmh_zrhaCqc9es_Lw9Fzo4PWgOlgIrYWKrmEKhnybUm3LBDaVyIbgF4xWMXbYEAElN0iAQzP94MJ9db6mgwRPbnVFc-ibNXqN8nyLNAXBimZKJ7nZ34x-VoNzUlZDkF--inwt2Dv8EvMU_qtea3a7b0o8Q4RrTyt7RIPTylpPdxQAuiTp8s.cQJJZjz6KGMNo5cemAC_3804LxANd1XKKq_ZjW-x78M&dib_tag=se&keywords=laptop+stands&qid=1765825333&sr=8-48,https://m.media-amazon.com/images/I/71cOnHXOg9L._AC_UY218_.jpg
"Adjustable Laptop Stand with 360 Rotating Base, Computer Stand for Laptop Ergonimic Foldable Laptop Riser for Desk Compatible with MacBook Pro/Air Notebook up to 16 Inches, Grey",$38.96,https://aax-us-east-retail-direct.amazon.com/x/c/JNk3gvKxspD1bxmYiZ-Y_6IAAAGbI2RKFwEAAAH2AQBvbm9fdHhuX2JpZDEgICBvbm9fdHhuX2ltcDIgICAwvqD-/clv1_CEuOPUxokZA0iHrVQ8Qk-R3yBkpCcrsompQ23xuK-dJQ4X9s7w6rJ_018nHz9hvWjq0yzpNb3XTPsunPtWEceRJfOgrBDOXiEHkzeG5DSnmnQYQ6ujAOLZEdHEeppYamXJOUI0W78tANGk5hgFv_ak5TLFFOGshzBElqUqEnHhGU36Ta0Ek8SAz5MJbld7QzBH9acdHMzpkFUDVhJ9oQXuEFlsWsnsI6KjDhFKorgxcWp4FvlLz2S1sKgEji6npOAE_zFP7W4zho-hUrANRvXRGwenKzslPpBOrh0YngXK8VGlKB27yFyCnOZALHHJaq9-sczsxsTvDakJr8CsOwMNd3xNstWiMPgZxD4I1xCKFZtDZxDxS63BWR5rIBU0KHcCRtq0SmgkUgiSrRCrCVf0t6ArPUr8pDZfIZM3hCrgUANL9bkxVaLztUwaVWXQoMHaeUao3xp-WQHS8cbA2SvJ4yA2-io1a6UxNtQYpRv-6TMit65IyG_WTyaXgbMNKPkN1KwzpnRZQkgR2wuFTAxzjxdS5BQE8kKTSGVWbqP7_EUx6VCwkn8VE8V2TxW33iEcUlgPRYbwXA3KpZl5oMJgvYOzBhsSZf0u8VkoKGnnxQgpyrna4MbFT47TeoTvCKIkEibO4XMStc1vhgGK1ZigkXpoLYEQdNe19aie5YzbwEKVwFUCKhpH0w-xbhZb9p1Dwg8nRpnflgwrcRMHPoIH4Q_5LPNujQ8Z_AAGEqHjDBgwHVe_ct5mN66-lwVdm2rLxtEmnYsUPe8wTRHmC5EAJH-ibgKHRkhOB5StAoci7Jx0kYY9BMgwVPv6TuTUyXceujTQh40CvMo9xzXOlTnbuAjGIYhP6WFcGIlN6KjEuP03jzs08Bzwn0kG7LvzPbiuMvttoYqRvuAcEEXPodMKqExPrg-g5vCTYbAjjygiHj3Wh-C1cuQklvSjLkyDyBtii_ReT-v7yHjL_r0hK_UYdINtWUWebt1UePcj1WLeMmTAlaZnVCeJH0zzz9YGMtHCOB_5FQ3D4dWeca55W-6TZJ3ShEMvy_s3oh6pRU7wR0SUOPUoSrDAi9d4xBfo13QFP-XoqSARUsBraZWJmdk8PYSina655_L_YJC10yPoq4Km6SXdhFrFxtBKiCufTiuNEZbPrLhxYsD-BrpF4bbH4bTcHBKGHhLadTi73e94WgsB2t-Uj11oY3ihxtRfEcJUOzHXjdhEepHzkmiELcG4eZ6clbga531Sqo7sZyNljcbw8LI3OK8W6fliAFG6zZeqgkoeqidkv9XalCW70Xo1kD3JNAg5-Bi1u7mmWOZOTdT-tKS8bF4Pg_rwqc89wyEoUddyqV0nPjq7wmDkcm6I-67u0a6HpqeOALDs9wvIsVxluqX022mPioDk-9QO1oLDnUaSiOcQT8QhE9UrWdU4CrqCTyO0lO-7Em_dLQo0Jscw5zqY4AJdJzdgXNDRqqq3MJHETitZiFjR34FRLMdQfizAqIXNUW4IMpyP45_WAOiFXEKn6lOwFE15gNg9azsW7idBJZeOJtMoPhVPwiN23El8adClqNPlK-HP86rs275eaj0Z6PU6lAV9kikqxdRtf0Fnfswp74da_eEmELXnVb7e-I9YoJ3JrQ1nzYzu6TQVXaBTG7oD1z5W1NZZWMc3GZFF7zx7cHDmKHknNLwJIoHg7VUFMsEbp1lpYFTfv3dcAWlLH-TyYS38yT-f2Nl9p2ebzAripivHSWmqkHChjI1SxZiiOXqr1EDTGf72KS2uL6x_EHTpBznXDJMYURioRO9zSGq5V9KeNFeJFJ_Fd5Hfvz_UHiI9v-EzfsiKarNIC33IIp1dMjf8-Vq_lIlCN7ftMfeLY3--PtPFvAOuios7JmSNeqQsdyYRpdmjxtiY71MJnujGoGJI2F7t0yq9n5Ty5znfCS3lJ0dS7bL_Tnlgp63u8Jd4TNl4ggrkcDCwpL5JPiYIoHyzzDPjN4mca6eiBmPcGG5Y2LZYyPKX3Tr8xDCl23ELRnGzv3MdDdFQ8gT_KJZqPxryTCgVwCIPo-ahdKGLMQiRVbjdaGjc31yddodIacQtgZQaZTdYcHlp5EEwMWbd0O2UQhCZeq2VMeY15SCMXFHH6HEAH6P0gTA6On-_jqf50K8RM6Ocn5AcVDDA7Qe5tv0Ixfx6MM_4Bb-d7hw6nNmjvUv7I3R-t6PdhkDJmSbyMYaIgqNbc-asO3TJqKQrQCZSxHHmwkrfbsDabirovCqqwuNKts1u-R9dVdhkIh4PC-Pl1F2qJUP4USeDq6xYC9ZfP0j8s5WC27a4uYsWTrngkqLJ8jZ-3QQ5n05RwYbruXB4BeHXeE2I1bLjxzmyLRFc7ncaEd0Dbi0OQw-FG-jTOxGe_6JvIWgocksSLFO_VREqcwQn0GelZeWZk5G7oUHYgGBWxgiILDq8ffv4x58EsTG3cQTlEbmP_KgMdvZzA0PWqYhIk5hcyILZFwtJ5aHkn6Gm3Foa0TRA/https://www.amazon.com/dp/B0B1LSX4H1?pd_rd_i=B0B1LSX4H1&pf_rd_p=2c8e5d59-6279-4999-832d-be45d1ca8e79&pf_rd_r=HY18SA55YG83KC6YCV22&pd_rd_wg=guaeu&pd_rd_w=WoMfa&pd_rd_r=f2655152-a63b-4e36-a9e0-f8a1ffc6cdbb,https://aax-us-east-retail-direct.amazon.com/e/is/D8A8F2B64B75DAA625F6833085AA5FF3/impb?b=JNk3gvKxspD1bxmYiZ-Y_6IAAAGbI2RKFwEAAAH2AQBvbm9fdHhuX2JpZDEgICBvbm9fdHhuX2ltcDIgICAwvqD-&w=0&bi=.raPJQpU1Aj80gkXnstc6pb03gVFRxYAQDhCUJPrClpqDNWNBNmZ.oLznbQjveoxclVpHz8zbEmjjfdRhOdMDdFCg4QRy.I1doV1-frn-fQX6BVRqQzFUroJrVSJIl6DeAMG2U8XiKHfhfkm5d09TNTyVPOA.8IPP9LQ-PNHd-VEeTKiYGUBsNPTRWSte8fpYgyfNB4.kAyuXtdLCGecHU7S6rIhdT6zZpIw8c5H6kzDbsfEEl5nW7eCzYhAifBJxPdEGL.mScNgUSx5BxgWG9X.coUEuqZLB3sK7OVu0II6fyI7zkjZwBKY3dUyUtxZP94BC62dGKsL9AsAVtwSmRqukRluCJ3PMnV5tKzY4CNB.DEoaun1Xrt0lOqejDxHpbzD6-Vlzd.1vXBQssFSSjUtxfGv853R43zknPGKR6P2PfiuBmWtrnhsLu8U7o83UE6NJbOxpy6e5Ew.djyWiX9G2SfcRD-0.RuQiYP2Ppg_
"Laptop Stand Aluminum Cooling Computer Stand Holder for Apple MacBook Air Pro 11-16"" Laptops (Gray)",$38.99,/Laptop-Stand-Aluminum-Computer-Notebooks/dp/B074DTL449/ref=sr_1_49?dib=eyJ2IjoiMSJ9.EAUBUZdM3RJDh_O19Vhrj723TmZ-oFdA70vGrnr3k_NvAROhNzm2KrecjnOVdJ-10onr21ydlI9gh-V2BZr4WQgWGMEieF3L5UJmdAHVKm1Jog9Vw5WwoBKdGXyqaWf9nAgkUFA2H_s9chJtBSwsqY-Y13-S_rABIyUKbazIGdhzEqsa7QFnqu5V3sEo1W1CCQAhVwcF0yWL8K-bWzdTT6JIvHEPKX7sCdcizLaBdkc.B3qLpz5wT3eSA75spNlPwSratOHH5sA9b08cwR0IJHc&dib_tag=se&keywords=laptop+stands&qid=1765825337&sr=8-49,https://m.media-amazon.com/images/I/71OunFc+OxS._AC_UY218_.jpg
"ivoler Laptop Stand, Laptop Holder Riser Computer Tablet Stand, 6 Angles Adjustable Aluminum Ergonomic Foldable Portable Desktop Holder Compatible with 10-15.6” MacBook,iPad, HP, Dell, Lenovo Silver",$9.99,/Adjustable-Aluminum-Computer-Ergonomic-Compatible/dp/B07WBYCTNX/ref=sr_1_50?dib=eyJ2IjoiMSJ9.EAUBUZdM3RJDh_O19Vhrj723TmZ-oFdA70vGrnr3k_NvAROhNzm2KrecjnOVdJ-10onr21ydlI9gh-V2BZr4WQgWGMEieF3L5UJmdAHVKm1Jog9Vw5WwoBKdGXyqaWf9nAgkUFA2H_s9chJtBSwsqY-Y13-S_rABIyUKbazIGdhzEqsa7QFnqu5V3sEo1W1CCQAhVwcF0yWL8K-bWzdTT6JIvHEPKX7sCdcizLaBdkc.B3qLpz5wT3eSA75spNlPwSratOHH5sA9b08cwR0IJHc&dib_tag=se&keywords=laptop+stands&qid=1765825337&sr=8-50,https://m.media-amazon.com/images/I/71cOnHXOg9L._AC_UY218_.jpg
"BoYata Laptop Stand, Adjustable Multi-Angle Laptop Holder, Compatible for Laptops up to 17 inches, Sturdy Aluminum & Silicone, Silver",$29.99,/Compatible-Boyata-Foldable-Heat-Vent-Adjustable/dp/B07HBQSCM3/ref=sr_1_51?dib=eyJ2IjoiMSJ9.EAUBUZdM3RJDh_O19Vhrj723TmZ-oFdA70vGrnr3k_NvAROhNzm2KrecjnOVdJ-10onr21ydlI9gh-V2BZr4WQgWGMEieF3L5UJmdAHVKm1Jog9Vw5WwoBKdGXyqaWf9nAgkUFA2H_s9chJtBSwsqY-Y13-S_rABIyUKbazIGdhzEqsa7QFnqu5V3sEo1W1CCQAhVwcF0yWL8K-bWzdTT6JIvHEPKX7sCdcizLaBdkc.B3qLpz5wT3eSA75spNlPwSratOHH5sA9b08cwR0IJHc&dib_tag=se&keywords=laptop+stands&qid=1765825337&sr=8-51,https://m.media-amazon.com/images/I/51LiLJ80JJL._AC_UY218_.jpg
"Laptop Stand for Desk, Metal Laptop Stand with Wrist Support, Ergonomic Detachable Laptop Riser, Aluminum Lectern, Computer Stand for MacBook Air Pro, HP, Dell, XPS, HP (10-17"") Laptops - Black",$14.62,/LOXP-Support-Aluminum-Ergonomic-Detachable/dp/B0CYSQ9QB1/ref=sr_1_52?dib=eyJ2IjoiMSJ9.EAUBUZdM3RJDh_O19Vhrj723TmZ-oFdA70vGrnr3k_NvAROhNzm2KrecjnOVdJ-10onr21ydlI9gh-V2BZr4WQgWGMEieF3L5UJmdAHVKm1Jog9Vw5WwoBKdGXyqaWf9nAgkUFA2H_s9chJtBSwsqY-Y13-S_rABIyUKbazIGdhzEqsa7QFnqu5V3sEo1W1CCQAhVwcF0yWL8K-bWzdTT6JIvHEPKX7sCdcizLaBdkc.B3qLpz5wT3eSA75spNlPwSratOHH5sA9b08cwR0IJHc&dib_tag=se&keywords=laptop+stands&qid=1765825337&sr=8-52,https://m.media-amazon.com/images/I/71FmSrR75aL._AC_UY218_.jpg
"HumanCentric Vertical Laptop Stand Compatible with MacBook Pro and MacBook Air, Holder for Personal Computer Desk Stand, Aluminium, Exchangeable Inserts to Fit Different Device Models, Black",$39.99,/HumanCentric-Vertical-MacBook-Compatible-Aluminum/dp/B0B7V18XCR/ref=sr_1_53?dib=eyJ2IjoiMSJ9.EAUBUZdM3RJDh_O19Vhrj723TmZ-oFdA70vGrnr3k_NvAROhNzm2KrecjnOVdJ-10onr21ydlI9gh-V2BZr4WQgWGMEieF3L5UJmdAHVKm1Jog9Vw5WwoBKdGXyqaWf9nAgkUFA2H_s9chJtBSwsqY-Y13-S_rABIyUKbazIGdhzEqsa7QFnqu5V3sEo1W1CCQAhVwcF0yWL8K-bWzdTT6JIvHEPKX7sCdcizLaBdkc.B3qLpz5wT3eSA75spNlPwSratOHH5sA9b08cwR0IJHc&dib_tag=se&keywords=laptop+stands&qid=1765825337&sr=8-53,https://m.media-amazon.com/images/I/515anaItkTL._AC_UY218_.jpg
"BESIGN LSX7 Laptop Stand with 360 Rotating Base, Ergonomic Adjustable Notebook Riser Holder Compatible with Air, Pro, Dell, HP, Lenovo More 10-15.6"" Laptops (Silver)",$19.79,/BESIGN-LSX7-Ergonomic-Adjustable-Compatible/dp/B0BT9LMJ7P/ref=sr_1_54?dib=eyJ2IjoiMSJ9.EAUBUZdM3RJDh_O19Vhrj723TmZ-oFdA70vGrnr3k_NvAROhNzm2KrecjnOVdJ-10onr21ydlI9gh-V2BZr4WQgWGMEieF3L5UJmdAHVKm1Jog9Vw5WwoBKdGXyqaWf9nAgkUFA2H_s9chJtBSwsqY-Y13-S_rABIyUKbazIGdhzEqsa7QFnqu5V3sEo1W1CCQAhVwcF0yWL8K-bWzdTT6JIvHEPKX7sCdcizLaBdkc.B3qLpz5wT3eSA75spNlPwSratOHH5sA9b08cwR0IJHc&dib_tag=se&keywords=laptop+stands&qid=1765825337&sr=8-54,https://m.media-amazon.com/images/I/61VQuSlABfL._AC_UY218_.jpg
"Uncaged Ergonomics Swivel Laptop Stand for Desk, Adjustable Computer iPad Stand for Desk w/ 360 Rotation, Portable Laptop Holder for Home Office Ergonomic Supplies",$21.99,/Laptop-Adjustable-Height-Stands-Desktop/dp/B0CZS654G6/ref=sr_1_55?dib=eyJ2IjoiMSJ9.EAUBUZdM3RJDh_O19Vhrj723TmZ-oFdA70vGrnr3k_NvAROhNzm2KrecjnOVdJ-10onr21ydlI9gh-V2BZr4WQgWGMEieF3L5UJmdAHVKm1Jog9Vw5WwoBKdGXyqaWf9nAgkUFA2H_s9chJtBSwsqY-Y13-S_rABIyUKbazIGdhzEqsa7QFnqu5V3sEo1W1CCQAhVwcF0yWL8K-bWzdTT6JIvHEPKX7sCdcizLaBdkc.B3qLpz5wT3eSA75spNlPwSratOHH5sA9b08cwR0IJHc&dib_tag=se&keywords=laptop+stands&qid=1765825337&sr=8-55,https://m.media-amazon.com/images/I/71cLU-q8KLL._AC_UY218_.jpg
"Vaydeer Vertical Laptop Stand Holder Organizer Plastic Adjustable Desktop Notebook Dock Space-Saving 3 in 1 for All MacBook Pro Air,Mac,HP,Dell,Microsoft Surface,Lenovo,up to 17.3 inches (Black)",$12.99,/Vertical-Adjustable-Notebook-Space-Saving-Microsoft/dp/B089SZGBKJ/ref=sr_1_56?dib=eyJ2IjoiMSJ9.EAUBUZdM3RJDh_O19Vhrj723TmZ-oFdA70vGrnr3k_NvAROhNzm2KrecjnOVdJ-10onr21ydlI9gh-V2BZr4WQgWGMEieF3L5UJmdAHVKm1Jog9Vw5WwoBKdGXyqaWf9nAgkUFA2H_s9chJtBSwsqY-Y13-S_rABIyUKbazIGdhzEqsa7QFnqu5V3sEo1W1CCQAhVwcF0yWL8K-bWzdTT6JIvHEPKX7sCdcizLaBdkc.B3qLpz5wT3eSA75spNlPwSratOHH5sA9b08cwR0IJHc&dib_tag=se&keywords=laptop+stands&qid=1765825337&sr=8-56,https://m.media-amazon.com/images/I/61YhNvdsA9L._AC_UY218_.jpg
"acer Laptop Stand for Desk - with 360 Swivel Base, Rotating Laptop Riser for Desk, Adjustable Computer Stand for Laptops, Ergonomic Riser Holder Foldable, Portable MacBook Pro Air (10-16"") - Silver",$38.99,/acer-Aluminum-Laptop-Stand-Rotating/dp/B012DHAV2O/ref=sr_1_57?dib=eyJ2IjoiMSJ9.EAUBUZdM3RJDh_O19Vhrj723TmZ-oFdA70vGrnr3k_NvAROhNzm2KrecjnOVdJ-10onr21ydlI9gh-V2BZr4WQgWGMEieF3L5UJmdAHVKm1Jog9Vw5WwoBKdGXyqaWf9nAgkUFA2H_s9chJtBSwsqY-Y13-S_rABIyUKbazIGdhzEqsa7QFnqu5V3sEo1W1CCQAhVwcF0yWL8K-bWzdTT6JIvHEPKX7sCdcizLaBdkc.B3qLpz5wT3eSA75spNlPwSratOHH5sA9b08cwR0IJHc&dib_tag=se&keywords=laptop+stands&qid=1765825337&sr=8-57,https://m.media-amazon.com/images/I/61sfy5EfX4L._AC_UY218_.jpg
"HumanCentric Vertical Laptop Stand for Desks in Matte Black, Upright Adjustable Holder to Dock Apple MacBook, MacBook Pro, and Other Laptops to Organize Work & Home Office, Automatic Grip",$39.99,/HumanCentric-Vertical-Adjustable-MacBook-Organize/dp/B07RV556B7/ref=sr_1_58?dib=eyJ2IjoiMSJ9.EAUBUZdM3RJDh_O19Vhrj723TmZ-oFdA70vGrnr3k_NvAROhNzm2KrecjnOVdJ-10onr21ydlI9gh-V2BZr4WQgWGMEieF3L5UJmdAHVKm1Jog9Vw5WwoBKdGXyqaWf9nAgkUFA2H_s9chJtBSwsqY-Y13-S_rABIyUKbazIGdhzEqsa7QFnqu5V3sEo1W1CCQAhVwcF0yWL8K-bWzdTT6JIvHEPKX7sCdcizLaBdkc.B3qLpz5wT3eSA75spNlPwSratOHH5sA9b08cwR0IJHc&dib_tag=se&keywords=laptop+stands&qid=1765825337&sr=8-58,https://m.media-amazon.com/images/I/61vWXY1RmgL._AC_UY218_.jpg
"JARLINK Vertical Laptop Stand, Aluminum Laptop Holder Desktop Stand with Adjustable Dock Size (up to 17.3 inches) Compatible with All MacBook/Surface/Dell/Gaming Laptops (Silver)",$18.99,/JARLINK-Vertical-Adjustable-Desktop-Compatible/dp/B076HLKRCW/ref=sr_1_59?dib=eyJ2IjoiMSJ9.EAUBUZdM3RJDh_O19Vhrj723TmZ-oFdA70vGrnr3k_NvAROhNzm2KrecjnOVdJ-10onr21ydlI9gh-V2BZr4WQgWGMEieF3L5UJmdAHVKm1Jog9Vw5WwoBKdGXyqaWf9nAgkUFA2H_s9chJtBSwsqY-Y13-S_rABIyUKbazIGdhzEqsa7QFnqu5V3sEo1W1CCQAhVwcF0yWL8K-bWzdTT6JIvHEPKX7sCdcizLaBdkc.B3qLpz5wT3eSA75spNlPwSratOHH5sA9b08cwR0IJHc&dib_tag=se&keywords=laptop+stands&qid=1765825337&sr=8-59,https://m.media-amazon.com/images/I/71nl4VxJXhL._AC_UY218_.jpg
"Pyle Portable Dual Laptop Stand - Standing Table with Adjustable Height, Ergonomic Design & Anti-Slip Prongs for DJ Mixer, Sound Equipment, Workstation, Gaming & Home Use - PLPTS38, Black",$37.99,/Pyle-PLPTS38-Accordion-Accessory/dp/B01HTG504S/ref=sr_1_60?dib=eyJ2IjoiMSJ9.EAUBUZdM3RJDh_O19Vhrj723TmZ-oFdA70vGrnr3k_NvAROhNzm2KrecjnOVdJ-10onr21ydlI9gh-V2BZr4WQgWGMEieF3L5UJmdAHVKm1Jog9Vw5WwoBKdGXyqaWf9nAgkUFA2H_s9chJtBSwsqY-Y13-S_rABIyUKbazIGdhzEqsa7QFnqu5V3sEo1W1CCQAhVwcF0yWL8K-bWzdTT6JIvHEPKX7sCdcizLaBdkc.B3qLpz5wT3eSA75spNlPwSratOHH5sA9b08cwR0IJHc&dib_tag=se&keywords=laptop+stands&qid=1765825337&sr=8-60,https://m.media-amazon.com/images/I/71sPCZ57pmL._AC_UY218_.jpg
"BoYata Laptop Stand, Ergonomic Aluminum Height Adjustable Computer Stand Laptop Riser Holder for Desk, Compatible with MacBook Pro/Air, Dell, Lenovo, HP, Samsung, More Laptops 11-17""",$23.99,/BoYata-Ergonomic-Aluminum-Adjustable-Compatible/dp/B08S6MK33D/ref=sr_1_61?dib=eyJ2IjoiMSJ9.EAUBUZdM3RJDh_O19Vhrj723TmZ-oFdA70vGrnr3k_NvAROhNzm2KrecjnOVdJ-10onr21ydlI9gh-V2BZr4WQgWGMEieF3L5UJmdAHVKm1Jog9Vw5WwoBKdGXyqaWf9nAgkUFA2H_s9chJtBSwsqY-Y13-S_rABIyUKbazIGdhzEqsa7QFnqu5V3sEo1W1CCQAhVwcF0yWL8K-bWzdTT6JIvHEPKX7sCdcizLaBdkc.B3qLpz5wT3eSA75spNlPwSratOHH5sA9b08cwR0IJHc&dib_tag=se&keywords=laptop+stands&qid=1765825337&sr=8-61,https://m.media-amazon.com/images/I/71HWKufLkpL._AC_UY218_.jpg
"Amazon Basics Height Adjustable Rectangular Computer Monitor Riser Desk Stand with Storage for Reduced Neck Strain - Fits Monitors, Laptops Up to 22lbs, Black",$12.99,/AmazonBasics-Adjustable-Computer-Monitor-Riser/dp/B00X4SCCFG/ref=sr_1_62?dib=eyJ2IjoiMSJ9.EAUBUZdM3RJDh_O19Vhrj723TmZ-oFdA70vGrnr3k_NvAROhNzm2KrecjnOVdJ-10onr21ydlI9gh-V2BZr4WQgWGMEieF3L5UJmdAHVKm1Jog9Vw5WwoBKdGXyqaWf9nAgkUFA2H_s9chJtBSwsqY-Y13-S_rABIyUKbazIGdhzEqsa7QFnqu5V3sEo1W1CCQAhVwcF0yWL8K-bWzdTT6JIvHEPKX7sCdcizLaBdkc.B3qLpz5wT3eSA75spNlPwSratOHH5sA9b08cwR0IJHc&dib_tag=se&keywords=laptop+stands&qid=1765825337&sr=8-62,https://m.media-amazon.com/images/I/51e81e4tJ1L._AC_UY218_.jpg
"Laptop Stand, Laptop Stand for Desk with 360° Rotating Base, Ergonomic Laptop Riser for Desk with Adjustable Height, Heat Dissipation, Fits with All Laptops 10-17.3""",$16.99,/HIOEFCORE-Rotating-Ergonomic-Adjustable-Dissipation/dp/B0FPCLVK1S/ref=sr_1_63?dib=eyJ2IjoiMSJ9.EAUBUZdM3RJDh_O19Vhrj723TmZ-oFdA70vGrnr3k_NvAROhNzm2KrecjnOVdJ-10onr21ydlI9gh-V2BZr4WQgWGMEieF3L5UJmdAHVKm1Jog9Vw5WwoBKdGXyqaWf9nAgkUFA2H_s9chJtBSwsqY-Y13-S_rABIyUKbazIGdhzEqsa7QFnqu5V3sEo1W1CCQAhVwcF0yWL8K-bWzdTT6JIvHEPKX7sCdcizLaBdkc.B3qLpz5wT3eSA75spNlPwSratOHH5sA9b08cwR0IJHc&dib_tag=se&keywords=laptop+stands&qid=1765825337&sr=8-63,https://m.media-amazon.com/images/I/61xfKZ7vjNL._AC_UY218_.jpg
"SOUNDANCE Laptop Stand, Aluminum Computer Riser, Ergonomic Laptops Elevator for Desk, Metal Holder Compatible with 10 to 15.6 Inches Notebook Computer, Black",$19.99,/Soundance-Aluminum-Compatible-Notebook-Ergonomic/dp/B07NXR9R22/ref=sr_1_64?dib=eyJ2IjoiMSJ9.EAUBUZdM3RJDh_O19Vhrj723TmZ-oFdA70vGrnr3k_NvAROhNzm2KrecjnOVdJ-10onr21ydlI9gh-V2BZr4WQgWGMEieF3L5UJmdAHVKm1Jog9Vw5WwoBKdGXyqaWf9nAgkUFA2H_s9chJtBSwsqY-Y13-S_rABIyUKbazIGdhzEqsa7QFnqu5V3sEo1W1CCQAhVwcF0yWL8K-bWzdTT6JIvHEPKX7sCdcizLaBdkc.B3qLpz5wT3eSA75spNlPwSratOHH5sA9b08cwR0IJHc&dib_tag=se&keywords=laptop+stands&qid=1765825337&sr=8-64,https://m.media-amazon.com/images/I/71iGnDMDdcL._AC_UY218_.jpg
"MCHOSE Laptop Stand with 360° Rotating Base, Foldable Adjustable Computer Holder, Ergonomic Design Compatible with MacBook Air Pro, Dell XPS, HP, Lenovo More 10-17"" (A-Silver)",$35.67,https://aax-us-east-retail-direct.amazon.com/x/c/JG62r3VIaJBN-VvKHkxnEP4AAAGbI2RZOAEAAAH2AQBvbm9fdHhuX2JpZDcgICBvbm9fdHhuX2ltcDIgICCis2m0/clv1_CEuOPUxokZA0iHrVQ70c7wTAXVByX7ERjLAr9AOh77kq4X8VzQ6rJ_018nHz9hvWjq0yzpNb3XTPsunPt2EceUJ5Pj-dK8r0EGxWO34hTFadM41F-zAOLZEdHEepp4amXJOUI0W78tANGk5hgFv_ak5TLFFOGshzBElqUqEnHhGU36Ta0Ek8SAz5MJbld7QzBH9acdHMzpkFUDVhJ9oQXuEFlsWsnsI6KjDhFKorgxcWp4FvlLz2S1sKgEji6npOAE_zFP7W4zho-hUrANRvXRGwenKzslPpBOrh0YngXK8VGlKC27yFyCnOZALHHJaq9-sczsxsTvDakJroCNu0BcBN6-hZDyMIk4tA5MZpDqhi0k9JV2S53BWR5rIBU0KHcCRtq0SmgkUghSrRJIqaf3VUALDUu8pDZfIZM3hCrgUANL9bkxVaLztUwaVWXQoMHaeUao3xp-WQHS8cbA2SvJ4yA2-io1a6UxNtQYpRv-6TMit65IyG_WTyaXgbMNKPkN1KwzpnRZQkgR2wuFTAxzjxdS5BQE8kKTSGVWbqP7_EUx6VCwkn8VE8V2TxW33iEcUlgPRYbwXA3KpZl5oMJgvYOzBhrSZf0u8VkoKGnnxQgpyrna4MbFT47TeoTvCKIkEibO4XMT9hzvd0C6EWigkc_4OuDU1ZaHYCnelcjrxMAxcQUxygs1MS-BWEbuZ-_Sgj5mRXnvoFwewFDlnrI1A17pLYBOfE4pTQARc1CSTvrQHVa-8q5RZls-ktVdm2rLxtEmnYsUPe8wTRHmC5EAJH-ibgKHRkhOB5StAoci7Jx0kYY9BMgwVPv6TuTUyXceujTQh40CvMo9xzXOlTnbuAjGIYhP6WFcGIlN6KjEuP03jzs08Bzwn0kG7LvzPbiuMvttoYqRvuAcEEXPodMKqExPrg-g5vCTYbAjjygiHj3Wh-C1cuQklvSzLk0HaBtii_ReT-v7yHjL_r0hK_UYdINtWUWebu61-Pcj1WauIIZgdYdmFIbJTJzDyYF2AXDAmfx8gJ_TwYZ7gY95m-6TZJlylEMvG_jXJo6pR2qgZbRkmfUqKwBxrKdYolHchLRW2hXLPvDRUrM6aIdr-YlercXyjamIVIW-4PMF0-IIW2ImeqOMBunV9hBpX2h_Li5pMTavrlhRcFNvB6ingealcfWMDBW3rXP9APvKDGvYCw7QGQ5kzy3ps71CRUIpIQEFfvH23j20WAajsnjU3WMdu_7vNunal41BCz7qNqLmDcDEo7VRDUyFifnxsVH6PIU5F_otCcf3KccLlTdbkVmFZww6tAi4Sy0iy3nRCOBOLCW-RbYuCE4f0wpRmpzdg1N4k_RhD6yUmRleMMUUQsw6X78u1_1mVobd5UGeBNubMuymupOHS8ndenBFyXRLNtFhvSZ0z5RhXVe0QsfamEUoe3qiHyZk5Jxq0B_cH1qUdDfARY9_0JHtIQMzjSGVqpzn8fDW3b4ImtvxL9K3XdcQfq3w2bfd8Tz4wj5dc962d7kGr9Km74AmpYhIkkuo2wi1DrTXN0aPNDFInXLfQtD2zqgv_2ClCIC16GEP4-oc3O5dao5JrXUrx-CPIEiuRjQvrkB1nOxaTNbffjeG0eVRJt9tXj9ZMY9byR13nXxP2TXVfZbzXxm09NunpiWIa2KAnfEWTNwI8pB2GHtwBW_o0wRCbBL08sZLpqlfIZDfiSeMEAhLXoTSc0mc3jieON_dZkQI28rRBylnGQs60SJSa3ySwF7X-vk9oSA2up4GKCtdHr7cAXX71313fsPd0vmrYVwTa4o4RUD61FRaBZ7XkKAvjw8QrYI9OmLSforaukOIuMtoZu1NMdfczykdhKkR0kfPFseJkKganoEVvVOoya8Yl5XJGrH-ENUCAygRd-sI_ZJJW3sUQCe4uH6vc9z_PxSxN_m_P37y9sZgjaLvTnxg9Q4-o2Z72UkYwj8Fc2G0xhzbW9e6QfyjylMgN5oZz6RVQ3U_Ow5Y2LZYyPKXLxg_twdUy7dZk4BDj8QdDdFQ8gT_KJZqPxryTCgVwCIPpRXRFkW4QXhWpsjdrpusvbiuBuWsWrQtQZQaZTdZ89qIRsKV4Wa90KgUQbO4ilx1sXZmtOCvmjPkyHTGamAFgqWqWk3tXhfa94xmYYPcGcDsNVDDvSVK1v0JATtTTCjPTAAUtR6t7B3IJsCXIiG5xssGOVnP-7d_xBZ0g-Q8xSLoKqUJiQXbcYfShfHHdw4KGhVub_pY3Jua5Ve9Auz_2M9MZKggo8o_D9MhVK0_4KIsdNZyz41N7lc7_impV8VznYD5KKjEX4iQ1gEPE6dZXWP4nG0wlESPGxA51TK0mPyPZJcwNlRkA5sZIXbf9EuzD90t0y3n32g3jsP5H6I_Mnh75PgGjDHvpiEqcwQn0QSk9ddrgPTZxyHf8GBWxgiILDq8ffv4x5z0gKJ1I_ckIkpPzTvOJ2WxULPmqYhGJ-LcKLVWBLmwK-ZkneS-kdGXVrTkFR/https://www.amazon.com/dp/B0BHYFZW46?pd_rd_i=B0BHYFZW46&pf_rd_p=2c8e5d59-6279-4999-832d-be45d1ca8e79&pf_rd_r=B4006T7ZBSZND1KKPNS2&pd_rd_wg=Dch7H&pd_rd_w=iVXX5&pd_rd_r=e72b23da-4669-4bc5-bc04-2af5131e7df1,https://aax-us-east-retail-direct.amazon.com/e/is/D8A8F2B64B75DAA625F6833085AA5FF3/impb?b=JG62r3VIaJBN-VvKHkxnEP4AAAGbI2RZOAEAAAH2AQBvbm9fdHhuX2JpZDcgICBvbm9fdHhuX2ltcDIgICCis2m0&w=0&bi=oBa3HC73UCviXSlI8xfJ5yPZRvuWoou6BbXDqW98t72XB-1HinVewJeh61bsQxB8XyDHreWIhkt2DXXkueOXudmvYxJyuXszt5eOlDh0.Sf3zZX80PM.ueraQA-Fm9V.AN9cuUg8GamEeUk8fJl0l.U-JfA.GNBWbIuVpkhEqEf0aDzPk12PCp-uBdIl4hRl52xiw5ighYMR1Hl1GeuqibYakj7T7m5zu6Ulmj4HPHd.KkxGc2m2Iys19ggibmJCXYtZKR5yBCyHGsMD2tVzQzjz7EuNhiylN-vlQyw-ufXcM7jK3Wh0HDy70vob0sZQnFB6raXzHbf1cTnXipVEutQJrEmMy75TLc9.qiQLrelZmaXzlycgR00hVc1NowxZAO.BOGIj.JrEhmzNN.Jwj1A8DUQukB9ANqm2HjaUh9dPo3J4zHFwvarSSpjrGoL2CeWpZZZ530pj15OaKwZ2nm3MTCHo-jJdAPLoKw1r4fw_
